Date,Store,Forecast,Lower80,Upper80
2012-11-02,1,1649316.5841669622,1578395.7008312359,1839336.0199578528
2012-11-02,2,1981350.366914275,1896151.9765215057,2209623.751441773
2012-11-02,3,448170.44021753373,428899.037861968,499804.6110042805
2012-11-02,4,2259453.972426065,2162297.0814330555,2519767.955294756
2012-11-02,5,347980.8706562378,333017.6362064124,388072.0995584917
2012-11-02,6,1558412.4805684527,1491400.4885807782,1737958.7624223202
2012-11-02,7,552431.1870622647,528676.5555107677,616077.3441958164
2012-11-02,8,965692.3694760749,924167.4393739467,1076950.7664127033
2012-11-02,9,593355.7684631019,567841.3732064712,661716.8881104717
2012-11-02,10,1892457.0512794997,1811081.088022903,2110488.9467898766
2012-11-02,11,1420386.4241371127,1359309.5751895488,1584030.5840943693
2012-11-02,12,1051753.1840885638,1006527.6248582852,1172926.734727857
2012-11-02,13,2090769.0684797151,2000865.655992968,2331648.6925466876
2012-11-02,14,1942796.8181422434,1859256.2366631099,2166628.4092289153
2012-11-02,15,617722.6470924625,591160.4720626104,688891.0995306286
2012-11-02,16,511284.3828243455,489299.0705963848,570189.9749257227
2012-11-02,17,937595.4715851537,897278.7126956035,1045616.7964302505
2012-11-02,18,1149720.8366077286,1100282.6522685501,1282181.3398164415
2012-11-02,19,1462330.8072104591,1399450.3429187639,1630807.4220661307
2012-11-02,20,2247335.193788429,2150699.4122623233,2506252.9598838794
2012-11-02,21,748300.8566148991,716123.7971822408,834513.3569564399
2012-11-02,22,1103022.3958477527,1055592.2521121139,1230102.7243521612
2012-11-02,23,1465517.9750641014,1402500.4620325284,1634361.786759442
2012-11-02,24,1378346.4395239213,1319077.316802365,1537147.130232434
2012-11-02,25,736692.9897673093,705015.0705108775,821568.1360009189
2012-11-02,26,1010585.1276006814,967129.8015441693,1127015.6647145355
2012-11-02,27,1686520.8350320384,1614000.162813738,1880826.6102839338
2012-11-02,28,1439053.0964137574,1377173.5775000348,1604847.8626088656
2012-11-02,29,591181.421313023,565760.5233400809,659292.0322208107
2012-11-02,30,437612.8349159688,418795.41131808056,488030.6532922901
2012-11-02,31,1417807.8543390646,1356841.884315278,1581154.934655653
2012-11-02,32,1225431.486805512,1172737.7321037394,1366614.6907813493
2012-11-02,33,247451.5791942664,236811.12074756878,275960.7265074298
2012-11-02,34,1003915.560153109,960747.0265895543,1119577.689639511
2012-11-02,35,798767.357268821,764420.2300398415,890794.1543152254
2012-11-02,36,299487.3097838531,286609.3063965053,333991.5463737027
2012-11-02,37,546562.60450959,523060.32296933996,609532.6362974946
2012-11-02,38,433133.9315404942,414509.1015215545,483035.73091807397
2012-11-02,39,1605808.9974118392,1536758.947434669,1790815.8800233125
2012-11-02,40,1006177.5410445544,962911.7419320749,1122100.2756427273
2012-11-02,41,1367818.537228818,1309002.1160307948,1525406.2976403935
2012-11-02,42,571452.7717749326,546880.2089643808,637290.4249679117
2012-11-02,43,619204.4250895912,592578.5333630948,690543.5946730797
2012-11-02,44,322503.4419581184,308635.74111641845,359659.3904702436
2012-11-02,45,816524.176675868,781413.5033031887,910596.7548885802
2012-11-09,1,1593380.1705384231,1524864.5621530921,1776955.1154050746
2012-11-09,2,1942263.6917521865,1858746.0347951704,2166033.8608069597
2012-11-09,3,419390.25614771823,401356.40642236936,467708.632749526
2012-11-09,4,2189199.2763862377,2095063.3488331514,2441419.1444977606
2012-11-09,5,321407.7848282164,307587.1974226097,358437.501571594
2012-11-09,6,1552125.9028355493,1485384.234720354,1730947.901695279
2012-11-09,7,550405.1382626081,526737.627141435,613817.8722598795
2012-11-09,8,936527.2520543342,896256.4267796214,1044425.5062442906
2012-11-09,9,585772.5566753763,560584.2407680168,653260.0068045836
2012-11-09,10,1980934.9822364766,1895754.4534529073,2209160.509874115
2012-11-09,11,1356506.5428992535,1298176.5393107075,1512791.0369756643
2012-11-09,12,1053949.0488423377,1008629.0670678862,1175375.5872861499
2012-11-09,13,2102026.45585036,2011638.973862316,2344203.054929398
2012-11-09,14,1861258.59327171,1781224.1688208622,2075696.0828050317
2012-11-09,15,603515.4990883736,577564.233750332,673047.1316013352
2012-11-09,16,498982.85336439556,477526.5089186395,556471.1737850145
2012-11-09,17,931062.2661191043,891026.4361349649,1038330.8937388884
2012-11-09,18,1098762.3129904987,1051515.3535156746,1225351.833029917
2012-11-09,19,1461645.6848655115,1398794.6809468963,1630043.366081223
2012-11-09,20,2243093.7144322703,2146640.3172133844,2501522.8153909524
2012-11-09,21,724918.0988316353,693746.5018145823,808436.6479427912
2012-11-09,22,1045014.908485356,1000079.0962099838,1165412.135560928
2012-11-09,23,1460133.900811106,1397347.903854514,1628357.4078532152
2012-11-09,24,1395584.6941088336,1335574.3236158886,1556371.4216047584
2012-11-09,25,722752.7842846559,691674.2961478784,806021.8653115904
2012-11-09,26,1054795.9991023112,1009439.5983279204,1176320.1155442398
2012-11-09,27,1758870.9897593437,1683239.249034248,1961512.2996882338
2012-11-09,28,1334610.210092469,1277221.7524020104,1488372.0054670193
2012-11-09,29,532342.4289669421,509451.6173047951,593674.1399137172
2012-11-09,30,417760.9732242689,399797.18293156265,465891.63848864776
2012-11-09,31,1428511.0075464668,1367084.8001812056,1593091.2089952733
2012-11-09,32,1198501.682844936,1146965.914125525,1336582.2768041932
2012-11-09,33,278461.0402647106,266487.16991153447,310542.8190261666
2012-11-09,34,999798.2348250045,956806.7469251221,1114986.0030860817
2012-11-09,35,899521.1639903381,860841.6065652868,1003155.9092565059
2012-11-09,36,310657.55641430675,297299.2305917668,346448.72844319814
2012-11-09,37,514062.29827686585,491957.53522932576,573287.9368338659
2012-11-09,38,417341.3372720745,399395.59139406384,465423.65585296095
2012-11-09,39,1518863.2843052181,1453551.9142364236,1693853.0631613797
2012-11-09,40,1011194.1094799486,967712.5971028553,1127694.808013518
2012-11-09,41,1338206.0539214513,1280662.9743572199,1492382.1301091183
2012-11-09,42,617682.9301191848,591122.4629256907,688846.8067245933
2012-11-09,43,603023.3949483656,577093.2901689685,672498.3316444464
2012-11-09,44,327025.8297730237,312963.6655143553,364702.8071702431
2012-11-09,45,788711.5846396608,754796.8572812274,879579.8459266012
2012-11-16,1,1564601.7621999881,1497323.6300881337,1744861.1174655133
2012-11-16,2,1949946.225924216,1866098.218739131,2174601.5075297435
2012-11-16,3,413375.3888254723,395600.1793804286,461000.78646502254
2012-11-16,4,2242444.8948686277,2146019.396997278,2500799.244667589
2012-11-16,5,320375.17478735227,306598.9897826809,357285.92348102934
2012-11-16,6,1557712.5818990632,1490730.6856688408,1737178.227717651
2012-11-16,7,537465.761268838,514354.64547832584,599387.7365243098
2012-11-16,8,924359.771997384,884612.1503585848,1030856.1984742054
2012-11-16,9,558113.9785232358,534114.9860078742,622414.8558223988
2012-11-16,10,1880094.0892418413,1799249.7353783557,2096701.6353618999
2012-11-16,11,1334758.0430322252,1277363.2285011369,1488536.8703896427
2012-11-16,12,978258.3159628792,936193.0481030708,1090964.448334004
2012-11-16,13,2050753.6048757748,1962570.8638799493,2287023.006812002
2012-11-16,14,1786413.0238244236,1709596.9711221678,1992227.4794209315
2012-11-16,15,593549.1000559097,568026.3915091137,661932.4936320925
2012-11-16,16,483201.2064823134,462423.4754380803,538871.3073657178
2012-11-16,17,897193.6702440362,858614.195431402,1000560.2625960063
2012-11-16,18,1087265.0682617298,1040512.492193899,1212529.9790796782
2012-11-16,19,1394257.2712533101,1334303.9801606317,1554891.0650162671
2012-11-16,20,2176256.4047121797,2082677.0227615794,2426985.1114562443
2012-11-16,21,722270.1723231038,691212.4365797419,805483.6511366606
2012-11-16,22,1014961.7044181102,971318.1848414103,1131896.4713842114
2012-11-16,23,1400305.4511722764,1340092.087352176,1561636.0618755326
2012-11-16,24,1317450.7994461178,1260800.1992247724,1469235.641723352
2012-11-16,25,734489.6858994331,702906.5090702993,819110.987260646
2012-11-16,26,964943.7719499317,923451.0316640746,1076115.9222066214
2012-11-16,27,1698275.3059043293,1625249.1895127213,1893935.3256624734
2012-11-16,28,1238258.9233059497,1185013.5867330693,1380919.9892458608
2012-11-16,29,517374.88676666346,495127.6818713426,576982.1720019795
2012-11-16,30,431488.6623098037,412934.57913733716,481200.90855128993
2012-11-16,31,1435690.3626972043,1373955.4418842285,1601097.7049315833
2012-11-16,32,1205054.9197383602,1153237.3607588795,1343890.5187639866
2012-11-16,33,255697.49986774148,244702.4654811102,285156.6680616696
2012-11-16,34,972459.4623989041,930643.5461924046,1084497.5029718634
2012-11-16,35,866717.9109952415,829448.8988233155,966573.3602268748
2012-11-16,36,312229.43249877106,298803.51574707014,348201.701964971
2012-11-16,37,530246.303231495,507445.62531939184,591336.517407171
2012-11-16,38,407251.6846388624,389739.7954771228,454171.56411066937
2012-11-16,39,1579067.526318077,1511167.3639791396,1760993.4969334935
2012-11-16,40,919068.6582049176,879548.5553260666,1024955.4900974113
2012-11-16,41,1299179.6026092167,1243314.6668453282,1448859.4017749575
2012-11-16,42,557905.3032244333,533915.2837811088,622182.1388308597
2012-11-16,43,608595.6155011009,582425.9043250089,678712.5333763546
2012-11-16,44,326544.04734727787,312502.5998118496,364165.5181027809
2012-11-16,45,765078.1036764064,732179.6198713953,853223.5276612041
2012-11-23,1,1997616.7344289245,1911718.8875680172,2227764.18364914
2012-11-23,2,2574336.1871345257,2463639.309320179,2870928.069197269
2012-11-23,3,567305.2298910065,542911.012060978,632665.0405786299
2012-11-23,4,2894480.780749901,2770017.6329590552,3227956.846015728
2012-11-23,5,495682.7022147883,474368.26480914716,552790.808875664
2012-11-23,6,2191448.697977719,2097216.044927664,2443927.7242313307
2012-11-23,7,865502.8825205103,828286.1167720625,965218.3470897359
2012-11-23,8,1234448.6944903154,1181367.1983807578,1376670.7801054476
2012-11-23,9,796912.7999857896,762645.4190238228,888725.9316074074
2012-11-23,10,2782615.557708828,2662962.6328362385,3103203.517215612
2012-11-23,11,1783630.7297631565,1706934.3161613736,1989124.6344400889
2012-11-23,12,1536611.090772611,1470536.5621179985,1713645.6124051653
2012-11-23,13,2793094.0599325597,2672990.5577475997,3114889.258303975
2012-11-23,14,2372348.8225556333,2270337.4345108722,2645669.5355641013
2012-11-23,15,991208.4444105022,948586.3189057558,1105406.574209325
2012-11-23,16,674181.6948458285,645191.7715125874,751854.8514156179
2012-11-23,17,1186262.5010872476,1135253.0191886292,1322933.0065077343
2012-11-23,18,1605323.7085106466,1536294.526035735,1790274.6804958123
2012-11-23,19,1883472.1490058377,1802482.5380190543,2100468.8848160896
2012-11-23,20,2817617.828162553,2696459.7999258405,3142238.434734713
2012-11-23,21,1121101.570682662,1072894.0194671121,1250264.8192490363
2012-11-23,22,1486379.2384371953,1422464.6876627645,1657626.4974355549
2012-11-23,23,2054966.0351031707,1966602.1589174215,2291720.7553965906
2012-11-23,24,1729321.4515667176,1654960.3458251671,1928558.329242184
2012-11-23,25,1076421.3270610122,1030135.0336414017,1200436.9194615001
2012-11-23,26,1269997.7108497615,1215387.601212558,1416315.434680376
2012-11-23,27,2377316.8881143155,2275091.872436586,2651209.97699258
2012-11-23,28,1819950.0718109105,1741691.920550678,2029628.3647068555
2012-11-23,29,879753.4468273742,841923.9044789834,981110.7333580636
2012-11-23,30,448271.29208053846,428995.5530783404,499917.08211266884
2012-11-23,31,1862799.0115059759,1782698.3488186796,2077413.9741857918
2012-11-23,32,1640360.023728217,1569824.273958759,1829347.565110517
2012-11-23,33,266845.33897529193,255370.9456806246,297588.86101483076
2012-11-23,34,1309346.6136084977,1253044.494705923,1460197.7644191012
2012-11-23,35,1675294.690962316,1603256.7447782543,1868307.0907745208
2012-11-23,36,318170.6025266315,304489.2144903582,354827.36021508626
2012-11-23,37,528400.8303714797,505679.5080947112,589278.425747955
2012-11-23,38,411615.1656147429,393915.6460561475,459037.7661536153
2012-11-23,39,2316840.1334210387,2217215.6281033573,2583765.6340778554
2012-11-23,40,1201192.5461227202,1149541.0698415057,1339583.157168293
2012-11-23,41,1907085.061010282,1825080.090938675,2126802.2643520785
2012-11-23,42,563008.8458500094,538799.3732376437,627873.6657764603
2012-11-23,43,642429.2286475613,614804.6665630257,716444.1513949996
2012-11-23,44,331837.76471917226,317568.6864694539,370069.1300200284
2012-11-23,45,1120067.8431740634,1071904.7424107445,1249111.9949461464
2012-11-30,1,1639798.7042677007,1569287.0913270088,1828721.5754658713
2012-11-30,2,2041824.805043953,1954026.0039037499,2277065.5108992583
2012-11-30,3,497219.2551527517,475838.74571903626,554504.3896354159
2012-11-30,4,2248971.253544004,2152265.1211803644,2508077.5117425835
2012-11-30,5,384800.7080132192,368254.21452464844,429133.9877064798
2012-11-30,6,1728797.9298568624,1654459.3356346074,1927974.4920653738
2012-11-30,7,598235.0042584862,572510.8010632622,667158.2656085648
2012-11-30,8,1017684.765945155,973924.1542766581,1134933.2595905126
2012-11-30,9,634764.8254928568,607469.8339996745,707896.7245824287
2012-11-30,10,2126480.782070381,2035041.7600483904,2371474.7888657926
2012-11-30,11,1435741.1257390017,1374004.0221069118,1601154.3164348914
2012-11-30,12,1115876.7323802237,1067893.8500676926,1244438.0220286686
2012-11-30,13,2153589.8355935873,2060985.1198286742,2401707.103929418
2012-11-30,14,1966667.1238934356,1882100.115356198,2193248.837106169
2012-11-30,15,706240.6784074245,675872.2135286364,787607.382975751
2012-11-30,16,539537.5834624069,516337.3789781333,601698.2554532783
2012-11-30,17,1002273.0730616902,959175.1667121641,1117745.9699450848
2012-11-30,18,1249274.8640393405,1195555.8402101225,1393205.0876794527
2012-11-30,19,1520560.7924747225,1455176.4292765274,1695746.1429680798
2012-11-30,20,2371615.9196616025,2269636.0465613604,2644852.194184609
2012-11-30,21,796777.6484924759,762516.0790668641,888575.2091735282
2012-11-30,22,1202031.7121185847,1150344.1515620628,1340519.0043293138
2012-11-30,23,1654279.2066047015,1583144.9296910989,1844870.3911579065
2012-11-30,24,1397864.7436931685,1337756.3306945441,1558914.1580132905
2012-11-30,25,888282.3154286512,850086.0303330744,990622.221557729
2012-11-30,26,1050462.1425185583,1005292.0982873084,1171486.9509496726
2012-11-30,27,1821771.5949333862,1743435.117880457,2031659.747354989
2012-11-30,28,1391544.7483991743,1331708.096233631,1551866.0296540654
2012-11-30,29,612719.3451692091,586372.3129417752,683311.3621202924
2012-11-30,30,411036.706802636,393362.0610677333,458392.6625153058
2012-11-30,31,1426289.6454128253,1364958.9569832487,1590613.9214781283
2012-11-30,32,1240636.7999874516,1187289.214327686,1383571.823510605
2012-11-30,33,237729.76911365124,227507.35009319734,265118.8568311502
2012-11-30,34,1028355.5660133262,984136.1081936423,1146833.4533529303
2012-11-30,35,986219.3579734426,943811.764002879,1099842.6900657592
2012-11-30,36,288497.06655523117,276091.6454273056,321735.10608045704
2012-11-30,37,527673.7739322969,504983.71520153084,588467.6043993012
2012-11-30,38,418732.5079433375,400726.94149853947,466975.1047076727
2012-11-30,39,1704463.3177633164,1631171.1158479562,1900836.2646413355
2012-11-30,40,1065272.044711407,1019465.1722594774,1188003.116988904
2012-11-30,41,1378789.6337560131,1319501.4536098659,1537641.3853213293
2012-11-30,42,516836.0099721752,494611.9768673044,576381.210665668
2012-11-30,43,575173.4484903546,550440.8959714608,641439.7646198564
2012-11-30,44,304911.3864984248,291800.14692369424,340040.53646565974
2012-11-30,45,887109.308242885,848963.4626484764,989314.0710248591
2012-12-07,1,1808379.969891684,1730619.334909571,2016725.2596153817
2012-12-07,2,2324276.193041512,2224331.9359418596,2592058.4096661145
2012-12-07,3,498915.3991235415,477461.95522119355,556395.9480726845
2012-12-07,4,2500459.63461073,2392939.4606585056,2788540.1241588355
2012-12-07,5,383831.969408117,367327.13183827937,428053.6397445461
2012-12-07,6,1890723.3433708693,1809421.9298383866,2108555.4966354053
2012-12-07,7,648273.7357396812,620397.858892647,722962.0100745477
2012-12-07,8,1083637.0416654393,1037040.4713356484,1208483.9638610217
2012-12-07,9,654069.2044053123,625944.1214561526,729425.1805607745
2012-12-07,10,2366942.5634805094,2265163.6454617158,2639640.415899897
2012-12-07,11,1625884.898517674,1555971.5815038083,1813204.7460491303
2012-12-07,12,1199298.0250561326,1147728.0134911712,1337470.3664088985
2012-12-07,13,2479911.836739169,2373275.2214618796,2765624.993662488
2012-12-07,14,2197378.158332284,2102890.537515527,2450540.3237248184
2012-12-07,15,758494.6248645055,725879.2317270134,845881.5595808462
2012-12-07,16,580781.9405707099,555808.2219734909,647694.416758855
2012-12-07,17,1052098.6252199716,1006858.211964447,1173311.9744822334
2012-12-07,18,1390710.8044364273,1330910.0119979118,1550936.0061618916
2012-12-07,19,1695231.1335716853,1622335.9170891244,1890540.4311491079
2012-12-07,20,2591221.4331826335,2479798.487021816,2889758.681561373
2012-12-07,21,882207.0828128568,844272.0337150977,983847.0552330071
2012-12-07,22,1313190.3732122337,1256722.972016954,1464484.367463708
2012-12-07,23,1858822.1755830003,1778892.5174919385,2072978.962964289
2012-12-07,24,1554072.34265606,1487246.9773096868,1733118.5928208723
2012-12-07,25,923656.9874486504,883939.5856605879,1030072.4454051071
2012-12-07,26,1158417.7790885477,1108605.6247978264,1291880.2658577093
2012-12-07,27,1988411.263343261,1902909.25324722,2217498.1409069016
2012-12-07,28,1469736.0143553454,1406537.1249431844,1639065.7906338111
2012-12-07,29,662960.4036363633,634452.9976635748,739340.7438694123
2012-12-07,30,432980.7361974495,414362.4936033596,482864.8857842428
2012-12-07,31,1569826.718022192,1502323.9119539498,1750688.0457452177
2012-12-07,32,1420814.8826550157,1359719.6099209853,1584508.4057525047
2012-12-07,33,282756.74902401265,270598.1624903971,315333.4407467524
2012-12-07,34,1113825.3391181612,1065930.6670519896,1242150.285669117
2012-12-07,35,1034209.4050657984,989738.231207792,1153361.719137444
2012-12-07,36,309681.2548159654,296364.910122107,345359.94614790665
2012-12-07,37,537215.7534373421,514115.38802454446,599108.9250370816
2012-12-07,38,436313.09790912457,417551.5632154736,486581.17226717307
2012-12-07,39,1843157.956878638,1763901.8627582183,2055510.0537421193
2012-12-07,40,1143844.3299385512,1094658.8363489276,1275627.7948561208
2012-12-07,41,1580410.9892037767,1512453.0577406473,1762491.7415402997
2012-12-07,42,600498.185887797,574676.6655117231,669682.1906878733
2012-12-07,43,604613.658392064,578615.1720240463,674271.8109517524
2012-12-07,44,323465.47174968594,309556.40346933395,360732.2566894337
2012-12-07,45,961398.1420770057,920057.8644565843,1072161.7967213646
2012-12-14,1,1940387.0441671235,1856950.0833637265,2163941.0027510175
2012-12-14,2,2524636.983758153,2416077.179831482,2815502.9702132894
2012-12-14,3,541956.0967384393,518651.8957870581,604395.4080958072
2012-12-14,4,2802736.4111866844,2682218.286318038,3125642.5146218063
2012-12-14,5,404411.0248697394,387021.2845434729,451003.62904959556
2012-12-14,6,2080792.3271206468,1991317.9161468837,2320522.520700907
2012-12-14,7,723768.9464093528,692646.7631347299,807155.1005048907
2012-12-14,8,1186752.1391290817,1135721.6027144445,1323479.0562447787
2012-12-14,9,736061.8222013395,704411.0432536522,820864.2509797763
2012-12-14,10,2607645.8930511507,2495516.692425078,2908075.420102976
2012-12-14,11,1808231.362052194,1730477.1172315264,2016559.530516041
2012-12-14,12,1338214.600510717,1280671.1534417467,1492391.661359598
2012-12-14,13,2803848.570118904,2683282.6222339612,3126882.8065121486
2012-12-14,14,2350154.328741757,2249097.307567238,2620917.9916164526
2012-12-14,15,880171.9277809521,842324.3906829954,981577.4279265724
2012-12-14,16,672353.6574333953,643442.3400083862,749816.2039595764
2012-12-14,17,1139961.6144536254,1090943.0782659801,1271297.7477837577
2012-12-14,18,1585787.2312093491,1517598.1204591612,1768487.3858379372
2012-12-14,19,1847599.7790271104,1768152.6858265786,2060463.6227235764
2012-12-14,20,2811309.4660904915,2690422.6984564112,3135203.2798727136
2012-12-14,21,1024088.1334935845,980052.1759714064,1142074.365606132
2012-12-14,22,1480553.4089405325,1416889.3697889356,1651129.4682161722
2012-12-14,23,2246856.668871109,2150241.4639948476,2505719.303625691
2012-12-14,24,1668621.60202506,1596870.599758589,1860865.188495416
2012-12-14,25,1026223.5919937599,982095.8094062103,1144455.8524451074
2012-12-14,26,1237028.637471366,1183836.203390937,1379547.9609329724
2012-12-14,27,2204441.90730009,2109650.5441204244,2458417.8943726565
2012-12-14,28,1480854.0714433885,1417177.1037549097,1651464.7703508034
2012-12-14,29,775042.1223828341,741715.1841409869,864335.5110646348
2012-12-14,30,437116.2519287338,418320.1814806545,487476.85847564426
2012-12-14,31,1678252.5373723644,1606087.4033080705,1871605.7136682286
2012-12-14,32,1584492.655287058,1516359.2115136262,1767043.6605111575
2012-12-14,33,275688.85192525067,263834.1861248541,307451.2440575857
2012-12-14,34,1203866.7355891978,1152100.2687227977,1342565.4427143808
2012-12-14,35,1237766.5526632678,1184542.3881086905,1380370.8920822549
2012-12-14,36,331265.0922455491,317020.63900602056,369430.47937012574
2012-12-14,37,539309.662009178,516119.2581847349,601444.074938349
2012-12-14,38,411473.78685925005,393780.34661030374,458880.0990083679
2012-12-14,39,2076392.373500757,1987107.1612535175,2315615.6439636583
2012-12-14,40,1218372.6136680664,1165982.3916676978,1358742.557713231
2012-12-14,41,1758425.8822371277,1682813.2812084118,1961015.9108771193
2012-12-14,42,577477.760977994,552646.1226446036,644009.5592853811
2012-12-14,43,636250.7604247526,608891.87348605,709553.8555843158
2012-12-14,44,326675.4815411366,312628.3823138388,364312.0949633663
2012-12-14,45,1090666.3662468756,1043767.5338084304,1216323.1440540357
2012-12-21,1,2289159.850630265,2190725.6020075986,2552896.277843616
2012-12-21,2,3200295.851349592,3062682.605419606,3569005.1809441443
2012-12-21,3,592211.776878,566746.5734469551,660441.0960950356
2012-12-21,4,3524463.050467127,3372910.5618650033,3930520.0117229098
2012-12-21,5,475461.236849345,455016.32576741104,530239.6079843105
2012-12-21,6,2601640.0519409864,2489769.10346662,2901377.6399495993
2012-12-21,7,988173.1869610226,945681.5780238865,1102021.6216718515
2012-12-21,8,1467811.390822772,1404695.2605378332,1636919.429272806
2012-12-21,9,900983.4798834748,862241.0426354393,1004786.7000462327
2012-12-21,10,3369046.71225279,3224177.1516565904,3757197.9996169284
2012-12-21,11,2171551.9864937924,2078174.8952973331,2421738.692445429
2012-12-21,12,1636111.2058617868,1565758.1559566923,1824609.2366301103
2012-12-21,13,3484133.682052475,3334315.362899562,3885544.255886024
2012-12-21,14,2951121.933289174,2824223.20665931,3291123.6831636317
2012-12-21,15,1146515.6074883388,1097215.2485264244,1278606.8330006448
2012-12-21,16,904065.9577392825,865190.9734384281,1008224.313300921
2012-12-21,17,1336362.1398071388,1278898.3488519213,1490325.7767802777
2012-12-21,18,1917738.2791865547,1835275.2189879932,2138682.850595007
2012-12-21,19,2385091.4389046617,2282532.1162692,2659880.2416615663
2012-12-21,20,3508455.3536893465,3357591.198671296,3912668.051970255
2012-12-21,21,1320206.1487088175,1263437.0680177521,1472308.437568067
2012-12-21,22,1825701.502069873,1747196.0383662167,2036042.423076934
2012-12-21,23,2627009.533142421,2514047.6928199725,2929669.964800629
2012-12-21,24,2157311.745490074,2064546.9869898313,2405857.8188384688
2012-12-21,25,1263502.4703371818,1209171.6571061702,1409071.870923263
2012-12-21,26,1511645.1101607,1446644.1227627127,1685803.2758556597
2012-12-21,27,2673565.7920323135,2558602.0249500335,2981590.017477425
2012-12-21,28,1806008.7728394107,1728350.0997190317,2014080.874546722
2012-12-21,29,1008412.8079108674,965050.8919569204,1124593.069870892
2012-12-21,30,483093.2187342173,462320.13118084456,538750.8782396822
2012-12-21,31,2009029.6035462904,1922641.0014435037,2240491.940988243
2012-12-21,32,1923127.964604489,1840433.1470499346,2144693.4871341744
2012-12-21,33,277477.4540181812,265545.8780347521,309445.91281098383
2012-12-21,34,1562309.136896688,1495129.5880484888,1742304.3564766843
2012-12-21,35,1631422.5088649695,1561271.073698913,1819380.3500987412
2012-12-21,36,325074.5911877925,311096.3305079711,362526.7644093804
2012-12-21,37,593090.9567594761,567587.9484494869,661421.5671819967
2012-12-21,38,430446.3191877977,411937.0569403502,480038.47602143744
2012-12-21,39,2596724.165472058,2485064.6009212523,2895895.389216705
2012-12-21,40,1567516.482129123,1500113.0165827814,1748111.6452327184
2012-12-21,41,2268506.548970524,2170960.3957029697,2529863.4883606895
2012-12-21,42,569779.6503890858,545279.032072242,635424.5415709383
2012-12-21,43,652624.2554839749,624561.3055751666,727813.7576092753
2012-12-21,44,389638.0136343639,372883.5152115617,434528.6042124491
2012-12-21,45,1474250.9828092083,1410857.9490138195,1644100.9331806605
2012-12-28,1,1540105.0622623211,1473880.2922612147,1717542.1278925028
2012-12-28,2,1936169.1307616064,1852913.5409256904,2159237.1392657976
2012-12-28,3,433714.83145425376,415065.0226438504,483683.5568998323
2012-12-28,4,2057952.3942234742,1969460.1041062805,2295051.175978809
2012-12-28,5,353910.3377849448,338692.13527712796,394684.7066065772
2012-12-28,6,1628274.988959117,1558258.8976646876,1815870.2012334808
2012-12-28,7,753380.5049474719,720985.0198042864,840178.2367233157
2012-12-28,8,896044.0524862951,857514.0114255918,999278.1962108772
2012-12-28,9,562205.6093625076,538030.6760507032,626977.8875988871
2012-12-28,10,1923555.6113275588,1840842.4048938486,2145170.4034697707
2012-12-28,11,1355680.849797125,1297386.3511472482,1511870.2149341258
2012-12-28,12,1087204.7476286544,1040454.7653579285,1212462.7088453113
2012-12-28,13,2009243.186269937,1922845.4000750412,2240730.130794018
2012-12-28,14,1721222.1019133823,1647209.269533886,1919525.8453039129
2012-12-28,15,604456.0573738407,578464.3478754272,674096.0525604386
2012-12-28,16,624704.4525337727,597842.058726077,696677.2858552061
2012-12-28,17,824881.1579109668,789411.1329760085,919916.552404345
2012-12-28,18,1064591.8537777695,1018814.2296474257,1187244.5605682032
2012-12-28,19,1401807.2173264916,1341529.2773157174,1563310.8480309127
2012-12-28,20,2082773.1823814474,1993213.5943069356,2322731.5923045576
2012-12-28,21,765691.9628910616,732767.0830392484,853908.1102183295
2012-12-28,22,986116.0379856515,943712.8867914904,1099727.4664774255
2012-12-28,23,1339484.8154232765,1281886.74890496,1493808.2190200174
2012-12-28,24,1371336.800650905,1312369.0935493156,1529329.903758265
2012-12-28,25,711280.2021662068,680695.0369401383,793227.5153760102
2012-12-28,26,995216.324416968,952421.8594153107,1109876.2061346506
2012-12-28,27,1637118.3847623102,1566722.0259994816,1825732.4536328726
2012-12-28,28,1251466.4539510931,1197653.1913966096,1395649.1728868412
2012-12-28,29,554674.51695995,530823.4218553156,618579.1304053725
2012-12-28,30,386490.35305138,369871.20454934455,431018.29846250237
2012-12-28,31,1368807.8348044236,1309948.8736485674,1526509.5731926656
2012-12-28,32,1136713.8440957633,1087834.962565606,1267675.7985102746
2012-12-28,33,236697.79190984817,226519.74807823225,263967.984487446
2012-12-28,34,989196.906204017,946661.2771717107,1103163.28464671
2012-12-28,35,890303.5977546738,852020.3971879203,992876.3778697723
2012-12-28,36,282984.43145079166,270816.0545355221,315587.3546967522
2012-12-28,37,470452.62900287635,450223.08887892816,524653.9533499661
2012-12-28,38,363458.3043221581,347829.5376889456,405332.7040485716
2012-12-28,39,1590421.2148729675,1522032.842066033,1773655.2554575196
2012-12-28,40,931683.0656397638,891620.5411745271,1039023.2162017092
2012-12-28,41,1306190.2562206178,1250023.8612028453,1456677.7598965494
2012-12-28,42,467528.85926871677,447425.0417223546,521393.33314052434
2012-12-28,43,522185.1895711416,499731.14086712996,582346.6746693978
2012-12-28,44,286384.8693041061,274070.27300403174,319379.56044261786
2012-12-28,45,834469.7612818405,798587.4248309813,930609.8684908047
2013-01-04,1,1564231.2872263873,1496969.0855990949,1744447.9596946046
2013-01-04,2,1863792.0084707192,1783648.6467512508,2078521.3753375749
2013-01-04,3,414623.5244737588,396794.6449913499,462392.72108674725
2013-01-04,4,2060508.0140772804,1971905.831887672,2297901.23138694
2013-01-04,5,320427.56155161216,306649.12390749477,357344.34577751096
2013-01-04,6,1456677.4467801382,1394040.0779131677,1624502.7322490779
2013-01-04,7,666325.5809203417,637673.4717730066,743093.6266400004
2013-01-04,8,911629.7410138394,872429.5127929632,1016659.5277149408
2013-01-04,9,537387.3350472231,514279.5915970894,599300.2747381919
2013-01-04,10,1734633.747434517,1660044.2121003089,1934482.6601026852
2013-01-04,11,1294402.3534710936,1238742.840202827,1443531.760920306
2013-01-04,12,966452.9049164891,924895.2716658205,1077798.9239122623
2013-01-04,13,1931523.5769221876,1848467.746662473,2154056.366458731
2013-01-04,14,1698728.9097148143,1625683.2882850391,1894441.1896278423
2013-01-04,15,531232.5309662188,508389.4450999435,592436.369439081
2013-01-04,16,553164.7306155884,529378.5565711181,616895.4000456082
2013-01-04,17,1160839.6512086983,1110923.356020022,1294581.1643201928
2013-01-04,18,1030513.125412147,986200.8921848292,1149239.5873574908
2013-01-04,19,1286312.978414745,1231001.309599228,1434510.4007624527
2013-01-04,20,2011867.1184376383,1925356.502729638,2243656.368846985
2013-01-04,21,644072.8997050207,616377.6594957229,718277.1914613943
2013-01-04,22,932531.6756305092,892432.660796638,1039969.5954098358
2013-01-04,23,1255812.4938766807,1201812.3508933615,1400495.9244784077
2013-01-04,24,1277675.644833208,1222735.3827767987,1424877.9512221864
2013-01-04,25,652456.6867260311,624400.9423012681,727626.8830848422
2013-01-04,26,992751.8030796124,950063.3128992374,1107127.744795409
2013-01-04,27,1569729.401562126,1502230.7801176105,1750579.517357125
2013-01-04,28,1408116.6357534104,1347567.3897165721,1570347.1809514835
2013-01-04,29,490277.2604481618,469195.2579240887,546762.6006828976
2013-01-04,30,447361.30480577087,428124.695405476,498902.2542814015
2013-01-04,31,1400153.7608956322,1339946.9197822798,1561466.8952083278
2013-01-04,32,1138557.5249556778,1089599.3648464838,1269731.8917112416
2013-01-04,33,270860.0164973395,259212.99141147753,302066.0736043997
2013-01-04,34,967191.0288662674,925601.6561648274,1078622.0878706279
2013-01-04,35,750174.8998681522,717917.2562685693,836603.3106328644
2013-01-04,36,305922.7097811606,292767.98313958175,341168.37532911083
2013-01-04,37,555071.1683477529,531203.0171684574,619021.4804017019
2013-01-04,38,468189.64151552017,448057.4102242859,522130.24477990373
2013-01-04,39,1531202.250362683,1465360.3027318574,1707613.614007957
2013-01-04,40,961978.3915227908,920613.1630811351,1072808.8972940736
2013-01-04,41,1289947.095258134,1234479.158822954,1438563.2078917504
2013-01-04,42,612436.146853935,586101.2922004558,682995.5362400002
2013-01-04,43,638510.4236638458,611054.3708356492,712073.8569161025
2013-01-04,44,337999.27022653585,323465.2462305277,376940.50882362336
2013-01-04,45,724707.4081743407,693544.87089007,808201.683401265
2013-01-11,1,1460420.4002675668,1397622.0837874082,1628676.915202517
2013-01-11,2,1803801.9024709456,1726238.1251379743,2011619.7484057115
2013-01-11,3,382447.4042049424,366002.1031656822,426509.55738059804
2013-01-11,4,1964047.301190763,1879592.9454589603,2190327.181973863
2013-01-11,5,296737.1185965608,283977.3738808453,330924.5028714921
2013-01-11,6,1405156.0761585908,1344734.1346693744,1567045.5322842363
2013-01-11,7,562987.9083006318,538779.3360063197,627850.3159907918
2013-01-11,8,846499.2863124105,810099.678314374,944025.3272960574
2013-01-11,9,492191.2929606682,471026.98672497086,548897.1508216762
2013-01-11,10,1724414.5581702911,1650264.4496487102,1923086.1076827927
2013-01-11,11,1255271.2922862554,1201294.4210599924,1399892.3705040622
2013-01-11,12,870227.7845793611,832807.8472682761,970487.609905041
2013-01-11,13,1862312.5643671853,1782232.8189865544,2076871.4829789659
2013-01-11,14,1569789.792485941,1502288.5742218073,1750646.865980499
2013-01-11,15,484837.86307629535,463989.75553037866,540696.5248251864
2013-01-11,16,488975.50697378186,467949.48006238043,545310.8708709758
2013-01-11,17,855581.4834020075,818791.3394411323,954153.8935201638
2013-01-11,18,944509.4865406465,903895.4238752492,1053327.3820584114
2013-01-11,19,1223121.82476888,1170527.385913087,1364038.9302398688
2013-01-11,20,1957884.1903556008,1873694.8493994463,2183454.012891026
2013-01-11,21,626272.5936086589,599342.769477826,698426.0940531606
2013-01-11,22,887701.7467111681,849530.4261655607,989974.7649297058
2013-01-11,23,1168045.6790238249,1117819.5234584953,1302617.4059055976
2013-01-11,24,1198052.376732002,1146535.9282490595,1336081.2056784674
2013-01-11,25,640200.446647772,612671.7225543809,713958.5891614053
2013-01-11,26,879863.2044705681,842028.9425255378,981233.1362906058
2013-01-11,27,1519582.711155993,1454240.4056147474,1694655.3759090097
2013-01-11,28,1133593.1436894746,1084848.4527880691,1264195.5590463132
2013-01-11,29,458074.13058352127,438376.86791964236,510849.3155780062
2013-01-11,30,439477.25387929066,420579.6599605216,490109.8738545828
2013-01-11,31,1362670.0970386849,1304075.0596123345,1519664.7004363046
2013-01-11,32,1114237.976924643,1066325.5613651879,1242610.4638956285
2013-01-11,33,272481.8394360616,260765.07569812253,303874.74840814713
2013-01-11,34,922424.0211860653,882759.6371492974,1028697.4278493896
2013-01-11,35,719952.1280202649,688994.068561703,802898.5425995855
2013-01-11,36,300795.4633937869,287861.20918688993,335450.4136872842
2013-01-11,37,541797.5879476714,518500.2029002626,604218.6373465538
2013-01-11,38,425406.9691427043,407114.3997728201,474418.53734859725
2013-01-11,39,1455406.994328657,1392824.2551252453,1623085.9096826366
2013-01-11,40,826188.6601556609,790662.4124099655,921374.6933082372
2013-01-11,41,1214895.7237354221,1162655.008571795,1354865.0917664664
2013-01-11,42,617574.1001926025,591018.3127037816,688725.4383918343
2013-01-11,43,625771.1629066193,598862.9003781262,697866.8930115728
2013-01-11,44,328274.2818406293,314158.4339385131,366095.0946662775
2013-01-11,45,683813.9659505145,654409.8533816644,762596.8662397742
2013-01-18,1,1426059.940688943,1364739.1296001272,1590357.7522401256
2013-01-18,2,1773542.6389019568,1697280.0148599925,1977874.2844031465
2013-01-18,3,379064.41055298585,362764.57879501407,422736.8056002142
2013-01-18,4,1975931.1844893661,1890965.819828722,2203580.2195155527
2013-01-18,5,294239.35436497076,281587.01392043603,328138.9686904687
2013-01-18,6,1376620.5379202922,1317425.6292504559,1535222.3857552775
2013-01-18,7,543535.0875176669,520162.98970408423,606156.3160035401
2013-01-18,8,845290.042461874,808942.4321475276,942676.7652355311
2013-01-18,9,492091.10663382174,470931.1084265929,548785.4219265417
2013-01-18,10,1682557.8911985648,1610207.6262143746,1876407.0916736485
2013-01-18,11,1224985.1331933048,1172310.5717699856,1366116.9123169524
2013-01-18,12,869041.2590166281,831672.3424991356,969164.3835292887
2013-01-18,13,1841787.7127766307,1762590.539377092,2053981.9424279234
2013-01-18,14,1583994.1046202132,1515882.0986071357,1766487.671316539
2013-01-18,15,491130.49167158955,470011.80006511946,547714.1335406092
2013-01-18,16,464402.7121790664,444433.31946973293,517907.0194752891
2013-01-18,17,819347.8553648186,784115.7633458958,913745.752462019
2013-01-18,18,950805.7341920575,909920.931846101,1060349.0267850752
2013-01-18,19,1234350.8671811149,1181273.5776618805,1376561.6820127736
2013-01-18,20,1930982.1655471027,1847949.6160652193,2153452.578530222
2013-01-18,21,626685.3988529386,599737.8240289694,698886.4590081488
2013-01-18,22,886335.5516865413,848222.9777508242,988451.1691912003
2013-01-18,23,1188313.603192524,1137215.9235673356,1325220.4181660314
2013-01-18,24,1177578.6198919306,1126942.5463074388,1313248.646555913
2013-01-18,25,615081.5349179658,588632.9281443249,685945.7021448655
2013-01-18,26,866515.0091794058,829254.7218188032,966347.0818871284
2013-01-18,27,1514496.6895418284,1449373.0837632627,1688983.3885883086
2013-01-18,28,1130037.426636999,1081445.6321514025,1260230.184227324
2013-01-18,29,452746.6374058728,433278.4578214651,504908.03651018074
2013-01-18,30,437024.61726666277,418232.4871240656,487374.66649125394
2013-01-18,31,1351638.7104370268,1293518.0244418802,1507362.3766003028
2013-01-18,32,1099298.657169997,1052028.6348075822,1225949.9699660977
2013-01-18,33,253969.80469928845,243049.0614879584,283229.9233812674
2013-01-18,34,914440.7101987852,875119.6098424199,1019794.3515095332
2013-01-18,35,726561.6461972364,695319.3763741911,810269.5500666632
2013-01-18,36,300276.7518216196,287364.80229730916,334871.94082900137
2013-01-18,37,544138.4424040294,520740.4002314823,606829.1840180607
2013-01-18,38,419087.18474269076,401066.3671374119,467370.644180662
2013-01-18,39,1439941.5663392069,1378023.843073127,1605838.694055185
2013-01-18,40,828632.5490579132,793001.2136890253,924100.1451286095
2013-01-18,41,1188398.6642655786,1137297.3270003127,1325315.2792115503
2013-01-18,42,576611.4549377422,551817.0679060144,643043.4452479437
2013-01-18,43,609275.4757811382,583076.5305016193,679470.7210485188
2013-01-18,44,331390.3795318218,317140.53891845705,369570.20113167015
2013-01-18,45,683549.4924872918,654156.7523206903,762301.922520722
2013-01-25,1,1415063.244766898,1354215.293404379,1578094.1158321057
2013-01-25,2,1771369.4177674553,1695200.2425903252,1975450.6842584591
2013-01-25,3,378869.9278643818,362578.45889388316,422519.9163638834
2013-01-25,4,1969440.8401544779,1884754.5613635825,2196342.116029727
2013-01-25,5,303176.1046397025,290139.48246919765,338105.3310247107
2013-01-25,6,1380264.2526376948,1320912.6636380404,1539285.8965393845
2013-01-25,7,524374.6568587916,501826.4607026986,584788.3927030087
2013-01-25,8,848291.6574625378,811814.9772113918,946024.199343553
2013-01-25,9,502293.44218717807,480694.7418796505,560163.1789024489
2013-01-25,10,1679710.3280850635,1607482.5087812857,1873231.4579268917
2013-01-25,11,1224988.104602246,1172313.4154078558,1366120.2260649302
2013-01-25,12,907811.0350338093,868775.0117957138,1012400.8647474273
2013-01-25,13,1820992.7650692486,1742689.7778280773,2030791.187712602
2013-01-25,14,1515959.7015597054,1450773.1860246777,1690614.955704013
2013-01-25,15,485200.95332101965,464337.23283509276,541101.4470651177
2013-01-25,16,453347.5230911169,433853.50532379735,505578.1508444186
2013-01-25,17,810929.4643116901,776059.3644872828,904357.47004083
2013-01-25,18,918382.9461715084,878892.3290224379,1024190.7764854367
2013-01-25,19,1266494.1709253406,1212034.7140788916,1412408.2483692637
2013-01-25,20,1900094.3281785403,1818389.9607640281,2119006.122103367
2013-01-25,21,618838.8479604084,592228.6761103614,690135.8990322101
2013-01-25,22,846302.8556925823,809911.6942433807,943806.2657053713
2013-01-25,23,1151741.5428266884,1102216.4677890313,1284434.8536475431
2013-01-25,24,1145293.2273337438,1096045.4309187462,1277243.6211891514
2013-01-25,25,610889.2531239702,584620.9151543156,681270.4233151167
2013-01-25,26,863403.6317343453,826277.1341136344,962877.2394922103
2013-01-25,27,1405239.3615460407,1344813.838771519,1567138.4130656116
2013-01-25,28,1167714.3114171322,1117502.4047131801,1302247.8611009868
2013-01-25,29,438191.1262739049,419348.83605288074,488675.570183864
2013-01-25,30,435113.15166114236,416403.2148527484,485242.9789954176
2013-01-25,31,1317493.8432865702,1260841.3921730332,1469283.644688302
2013-01-25,32,1089216.484663101,1042379.9973703,1214706.2201430586
2013-01-25,33,249419.71960278566,238694.6307960705,278155.61836777715
2013-01-25,34,908185.1584035549,869133.0477992657,1012818.0912498994
2013-01-25,35,703426.3516387024,673178.9032720559,784468.8147667515
2013-01-25,36,289335.1772560732,276893.7172306992,322669.7763648461
2013-01-25,37,535061.6945951128,512053.95406544226,596706.6948917864
2013-01-25,38,423927.4643321977,405698.5139115606,472768.57728890365
2013-01-25,39,1408419.961769621,1347857.67266439,1570685.453465543
2013-01-25,40,821217.9476887619,785905.4413935221,915831.3000185622
2013-01-25,41,1177409.7499018237,1126780.9377545733,1313060.32088304
2013-01-25,42,554419.6615237051,530579.5252445836,618294.9128159374
2013-01-25,43,597983.3301320686,572269.9489655136,666877.5958508875
2013-01-25,44,329272.77828398906,315113.99487121927,367208.62889718387
2013-01-25,45,660136.7810538048,631750.7913146757,736191.8088664399
2013-02-01,1,1579112.3014722252,1511210.2137943238,1761043.4306785457
2013-02-01,2,1923130.0014978996,1840435.096356595,2144695.75870014
2013-02-01,3,421173.282055004,403062.76192351896,469697.0828792779
2013-02-01,4,2115799.4156110445,2024819.6940967918,2359562.8113475703
2013-02-01,5,327692.6650001658,313601.82671747904,365446.4691599628
2013-02-01,6,1481857.2522705817,1418137.147642177,1652583.5286581537
2013-02-01,7,543183.308390849,519826.33713735343,605764.0080468769
2013-02-01,8,935416.9276556999,895193.846512039,1043187.2602460079
2013-02-01,9,545611.890671982,522150.48998250975,608472.3897547922
2013-02-01,10,1817998.0971865803,1739823.8811549966,2027451.501107083
2013-02-01,11,1344705.2899043453,1286882.7421280441,1499630.1496587312
2013-02-01,12,1015800.2444463763,972120.6675110783,1132831.6204592723
2013-02-01,13,1934788.4050107473,1851592.18660833,2157697.3387013585
2013-02-01,14,1660383.715269147,1588986.943482838,1851678.2064545257
2013-02-01,15,522413.05133656523,499949.20453930856,582600.7886198293
2013-02-01,16,465578.83226040436,445558.86619488325,519218.6415435855
2013-02-01,17,867786.610139412,830471.6437291958,967765.1852829261
2013-02-01,18,1037338.1904178086,992732.4782770596,1156850.9750219202
2013-02-01,19,1323887.916173887,1266960.5188786194,1476414.3851954788
2013-02-01,20,2125883.863309067,2034470.5088916093,2370809.098488813
2013-02-01,21,665342.0643003365,636732.2465287966,741996.7980730843
2013-02-01,22,934534.9111884402,894349.756897377,1042203.6257673393
2013-02-01,23,1271708.0311944387,1217024.3775022032,1418222.80276594
2013-02-01,24,1245893.6851307927,1192320.0525485992,1389434.3597209055
2013-02-01,25,640793.9716961852,613239.7259284719,714620.4948323806
2013-02-01,26,929308.782851634,889348.3529352786,1036375.3898864363
2013-02-01,27,1546735.4358626977,1480225.5587104848,1724936.39355746
2013-02-01,28,1379671.4943023426,1320345.3940082232,1538624.8459152593
2013-02-01,29,490617.82112715964,469521.1744380937,547142.3977029939
2013-02-01,30,435277.53873540496,416560.53325588524,485426.3052711668
2013-02-01,31,1394106.9075240819,1334160.082096395,1554723.377729351
2013-02-01,32,1146569.0183625172,1097266.3627242625,1278666.3973957868
2013-02-01,33,258679.29749844084,247556.0453251653,288482.001620442
2013-02-01,34,954761.1466692853,913706.2609387711,1064760.146343926
2013-02-01,35,791044.2889552084,757029.2549290267,882181.3034713119
2013-02-01,36,296425.8713370099,283679.5103044484,330577.3964996161
2013-02-01,37,553089.0314824004,529306.1125130594,616810.9795385394
2013-02-01,38,444038.98129214655,424945.23234725196,495197.16250749654
2013-02-01,39,1455119.8536674443,1392549.4615595087,1622765.6872547336
2013-02-01,40,927322.7053412392,887447.6770832207,1034160.4943725212
2013-02-01,41,1249670.2208755277,1195934.1966375802,1393645.9939775623
2013-02-01,42,570324.0197632194,545799.9934741008,636031.6282925647
2013-02-01,43,615808.8252634327,589328.9448857808,686756.7843483835
2013-02-01,44,337455.8770839615,322945.21908211114,376334.510806184
2013-02-01,45,731776.306142088,700309.805087068,816084.9962705474
2013-02-08,1,1749652.614624896,1674417.2655408785,1951231.8662086679
2013-02-08,2,2120845.552122849,2029648.8459118525,2365190.318362832
2013-02-08,3,461534.39943962736,441688.34464802116,514708.24551715364
2013-02-08,4,2306442.6392374504,2207265.2278731414,2572170.2340480695
2013-02-08,5,346787.44272625714,331875.52587294666,386741.1755867632
2013-02-08,6,1610577.7533311285,1541322.6460681374,1796134.0491467777
2013-02-08,7,552172.4500397132,528428.9442225762,615788.7978185811
2013-02-08,8,1030150.3252139594,985853.6924546033,1148834.9885806518
2013-02-08,9,602235.2955113519,576339.079136865,671619.4344722943
2013-02-08,10,2098300.1846502083,2008072.932934266,2340047.476246466
2013-02-08,11,1513244.3899563067,1448174.6332650895,1687586.8102979183
2013-02-08,12,1139896.481211,1090880.7457634585,1271225.1104742151
2013-02-08,13,2089299.8960725982,1999459.6582400596,2330010.2552970536
2013-02-08,14,1760058.5931245247,1684375.7852601549,1962836.7280411469
2013-02-08,15,604992.4261953969,578977.6527497803,674694.2169777139
2013-02-08,16,475231.8112792176,454796.7655343872,529983.75006165
2013-02-08,17,903985.8021048431,865114.264509402,1008134.9228545735
2013-02-08,18,1163799.3197184165,1113755.7582989237,1297881.8192395207
2013-02-08,19,1454244.3766028434,1391711.6301521198,1621789.345589934
2013-02-08,20,2346945.8370996695,2246026.7815914247,2617339.84639941
2013-02-08,21,739612.8061500714,707809.3343108115,824824.3473893407
2013-02-08,22,1026793.8684329037,982641.5638650395,1145091.8310109691
2013-02-08,23,1389433.0239975888,1329687.176327289,1549511.0113432405
2013-02-08,24,1391232.1184203904,1331408.9093951548,1551517.3812584716
2013-02-08,25,659157.9859439873,630814.0845549417,735100.245779687
2013-02-08,26,1057076.953580207,1011622.4713895655,1178863.8611000373
2013-02-08,27,1643103.70528536,1572449.9767594326,1832407.3490014893
2013-02-08,28,1461560.7561903885,1398713.404218718,1629948.6526873356
2013-02-08,29,544947.7169132244,521514.875804194,607731.695863928
2013-02-08,30,450870.7936362383,431483.2756412546,502816.0748780573
2013-02-08,31,1525013.502350084,1459437.6718977364,1700711.854062479
2013-02-08,32,1172905.646175247,1122470.5112261712,1308037.2947997225
2013-02-08,33,284348.89173342264,272121.84280245303,317109.0158318779
2013-02-08,34,1047029.7739442722,1002007.3221240602,1167659.1357120997
2013-02-08,35,899395.0369554104,860720.9030135251,1003015.2509980126
2013-02-08,36,313731.2473225211,300240.7522873484,349876.5423971524
2013-02-08,37,538202.770089603,515059.96279904986,600209.6568785179
2013-02-08,38,457092.13437608647,437437.0977100131,509754.1825919342
2013-02-08,39,1512850.3497627454,1447797.5368644092,1687147.3723341667
2013-02-08,40,985362.7306502182,942991.9717948992,1098887.3698401502
2013-02-08,41,1307886.1693083104,1251646.8497499162,1458569.060850445
2013-02-08,42,637148.3147859939,609750.8328627067,710554.8180934845
2013-02-08,43,642665.3594069442,615030.6436610686,716707.4870185679
2013-02-08,44,344442.5719967181,329631.4849689508,384126.1499231703
2013-02-08,45,764405.4792806031,731535.9184348112,852473.4095268325
2013-02-15,1,1720300.1047268102,1646326.9183773925,1918497.623886726
2013-02-15,2,2106218.6750398003,2015650.9269397762,2348878.263941857
2013-02-15,3,462349.8811023616,442468.760465653,515617.67964901245
2013-02-15,4,2300550.822284178,2201626.760014148,2565599.614890301
2013-02-15,5,351155.61479051586,336055.86582278076,391612.6091831353
2013-02-15,6,1602575.4863108634,1533664.4778407987,1787209.832830158
2013-02-15,7,572347.8475925644,547736.7963752092,638288.6233779488
2013-02-15,8,1045460.621016629,1000505.6430293886,1165909.1990848063
2013-02-15,9,616569.806697373,590057.203993386,687605.4392248351
2013-02-15,10,2031827.511522957,1944458.5956420677,2265916.4190561376
2013-02-15,11,1481291.2289865252,1417595.4634520696,1651952.293257689
2013-02-15,12,1153296.4970721356,1103704.5587471677,1286168.9557480698
2013-02-15,13,2122429.7073640544,2031164.8822181453,2366956.985735443
2013-02-15,14,1778128.7234552233,1701668.897026105,1982988.7364073116
2013-02-15,15,580449.8904142214,555490.4500281331,647324.1107671947
2013-02-15,16,483832.0410049596,463027.1839728997,539574.820973278
2013-02-15,17,922698.5329595937,883022.3448715893,1029003.5664026549
2013-02-15,18,1121780.9065155217,1073544.1437478596,1251022.4220519317
2013-02-15,19,1406461.8949346514,1345983.803024125,1568501.795765367
2013-02-15,20,2253742.9891544003,2156831.671377734,2513399.003850389
2013-02-15,21,763551.547113826,730718.7054911099,851521.0949693779
2013-02-15,22,994346.1942562948,951589.1449941045,1108905.8273960007
2013-02-15,23,1378363.8742369232,1319094.0018198513,1537166.5736163966
2013-02-15,24,1327760.5188420326,1270666.5989975652,1480733.1543431878
2013-02-15,25,666846.8673588211,638172.3428092262,743674.9710175536
2013-02-15,26,980581.2672878888,938416.1121405232,1093555.029236249
2013-02-15,27,1607449.181238236,1538328.60308781,1792645.0310912183
2013-02-15,28,1450473.6084406672,1388103.0056387025,1617584.1434048698
2013-02-15,29,542613.0356524048,519280.5862200932,605128.033608076
2013-02-15,30,433301.16244544176,414669.141470191,483222.2286651245
2013-02-15,31,1506279.02435562,1441508.7795264062,1679818.9578646699
2013-02-15,32,1214930.831962832,1162688.6071396742,1354904.24484835
2013-02-15,33,268346.9136453294,256807.95239383928,299263.43362494686
2013-02-15,34,1063940.536953907,1018190.919553698,1186518.2048727379
2013-02-15,35,876725.3775568241,839026.0426831722,977733.7971569017
2013-02-15,36,308246.7453756872,294992.08482278424,343760.1654206632
2013-02-15,37,544688.1283597396,521266.4496010388,607442.1998500171
2013-02-15,38,430245.6133873627,411744.98152221664,479814.6467022524
2013-02-15,39,1542010.013986894,1475703.3307495322,1719666.5510365637
2013-02-15,40,970029.9449747493,928318.4984155295,1081788.0783821505
2013-02-15,41,1343353.6715081725,1285589.2435443497,1498122.8099368222
2013-02-15,42,576624.9990049673,551830.0295761297,643058.5497408852
2013-02-15,43,629639.1923228949,602564.6038957816,702180.5620184274
2013-02-15,44,335876.3292582191,321433.5920716616,374572.98167404253
2013-02-15,45,807384.4647548803,772666.8004922124,900404.0474910481
2013-02-22,1,1615700.9056200292,1546225.5019692613,1801847.4450048956
2013-02-22,2,1979511.6521047521,1894392.326750039,2207573.196434898
2013-02-22,3,440689.4215402434,421739.7042134573,491461.6965806876
2013-02-22,4,2222316.852172277,2126756.863434558,2478352.229765749
2013-02-22,5,333594.02156228456,319249.4239805752,372027.7269945841
2013-02-22,6,1549913.0269772778,1483266.5128865358,1728480.0781658927
2013-02-22,7,568672.0090717073,544219.0195129816,634189.287774423
2013-02-22,8,979093.1399824324,936991.9745530094,1091895.4532752207
2013-02-22,9,580250.8660234909,555299.9837188112,647102.1565746309
2013-02-22,10,1993850.4702226026,1908114.5733396148,2223564.0043252506
2013-02-22,11,1409448.402593268,1348841.8903641254,1571832.3819991483
2013-02-22,12,1107107.5807764686,1059501.773419597,1234658.5675782033
2013-02-22,13,2016077.5704267141,1929385.9045933622,2248351.9112784113
2013-02-22,14,1723161.1155905067,1649064.905305215,1921688.2547126117
2013-02-22,15,568971.3993351527,544505.5359460482,634523.1710936512
2013-02-22,16,486121.59693273343,465218.28862066875,542128.1589607145
2013-02-22,17,886998.4223876345,848857.3449031686,989190.4098978057
2013-02-22,18,1099131.8642256116,1051869.0139871319,1225763.9606374898
2013-02-22,19,1377253.8748352923,1318031.7325743479,1535928.6900583515
2013-02-22,20,2150653.2357933726,2058174.794300988,2398432.1754890033
2013-02-22,21,734055.7461336553,702491.2287855448,818627.0528545111
2013-02-22,22,963718.9432753325,922278.8708231534,1074749.9797786518
2013-02-22,23,1351572.6247948145,1293454.7804931102,1507288.6771642515
2013-02-22,24,1325557.4446177925,1268558.257325909,1478276.261704027
2013-02-22,25,653240.7840521783,625151.323313928,728501.3170588773
2013-02-22,26,967981.9153473713,926358.5343976686,1079504.0931850453
2013-02-22,27,1627719.7247264273,1557727.5098849754,1815250.9644455987
2013-02-22,28,1383064.8717901069,1323592.855708058,1542409.1778637017
2013-02-22,29,517234.72713760345,494993.5491292953,576825.8644399572
2013-02-22,30,427582.6507605222,409196.52672461804,476844.8814513784
2013-02-22,31,1434862.3260939321,1373163.010990559,1600174.2693917586
2013-02-22,32,1157127.2690195872,1107370.6068732624,1290441.0748153443
2013-02-22,33,259977.9258992727,248798.832492,289930.24631592404
2013-02-22,34,997015.3905533307,954143.5654130589,1111882.5445045333
2013-02-22,35,882324.2783625431,844384.1898369467,983977.7530007892
2013-02-22,36,302544.21890829626,289534.7679277672,337400.6450975635
2013-02-22,37,532172.9541652708,509289.4299473616,593485.1397483264
2013-02-22,38,427786.9936085477,409392.08279669983,477072.7668460941
2013-02-22,39,1509650.1823501617,1444734.9771748674,1683578.5103895487
2013-02-22,40,953190.0037059267,912202.6773802459,1063007.9904068848
2013-02-22,41,1307575.9339077594,1251349.9545224167,1458223.08291487
2013-02-22,42,561364.7283511163,537225.9530605678,626040.1278336617
2013-02-22,43,610400.0238732612,584152.7228415401,680724.8294664375
2013-02-22,44,333204.47254951985,318876.6256391813,371593.2976451217
2013-02-22,45,768712.2390223988,735657.4868021097,857276.355424809
2013-03-01,1,1666984.089200105,1595303.5002533898,1859039.016157736
2013-03-01,2,2002955.906508808,1916828.4743737201,2233718.4871573676
2013-03-01,3,456268.93929296674,436649.30015033606,508836.1463687072
2013-03-01,4,2192789.2985255127,2098498.999432265,2445422.776727379
2013-03-01,5,348973.90727238974,333967.97208537516,389179.5449299622
2013-03-01,6,1585466.4345915897,1517291.1181485232,1768129.6299166123
2013-03-01,7,549562.1727713125,525930.9093043728,612877.7878597068
2013-03-01,8,977830.0928497375,935783.2386539524,1090486.889201851
2013-03-01,9,597920.8551079922,572210.1603777081,666807.9230159482
2013-03-01,10,1964554.0635706554,1880077.9169734917,2190892.3289613146
2013-03-01,11,1421925.3357011408,1360782.3133041954,1585746.7952198861
2013-03-01,12,1110415.4791699061,1062667.4316401654,1238347.5722992
2013-03-01,13,2022129.2851218886,1935177.3945651588,2255100.850159035
2013-03-01,14,1730927.9185983115,1656497.7345112064,1930349.8789691748
2013-03-01,15,557996.886340422,534002.9288081053,622284.2733304913
2013-03-01,16,473106.51086365373,452762.85338489217,527613.5916305125
2013-03-01,17,881165.8250329103,843275.5501902839,982685.8330885731
2013-03-01,18,1098048.3774727671,1050832.1173421734,1224555.6442773773
2013-03-01,19,1346076.8924834873,1288195.3655715657,1501159.77596159
2013-03-01,20,2169256.8813905055,2075978.4800895073,2419179.165956343
2013-03-01,21,738508.3836220207,706752.4021324106,823592.683222135
2013-03-01,22,986187.017934246,943780.8145906663,1099806.6240978593
2013-03-01,23,1367255.187169935,1308462.9901167406,1524778.0434500845
2013-03-01,24,1284161.5914577837,1228942.4326338896,1432111.150333036
2013-03-01,25,663225.4860725661,634706.6815115908,739636.366721839
2013-03-01,26,979641.6493406759,937516.8979189832,1092507.1569527236
2013-03-01,27,1566318.1106401742,1498966.1752641932,1746775.2081495812
2013-03-01,28,1415060.4398097368,1354212.609060835,1578090.987712986
2013-03-01,29,519480.1141864804,497142.38416719646,579329.9448071793
2013-03-01,30,431263.81657608063,412719.4018070019,480950.15811262897
2013-03-01,31,1438144.613065557,1376304.1590846488,1603834.7119730702
2013-03-01,32,1176507.8763500433,1125917.8449132782,1312054.5415650115
2013-03-01,33,262279.62660862337,251001.5596937484,292497.1282975355
2013-03-01,34,1006454.2484647399,963176.5508878578,1122408.862805327
2013-03-01,35,869509.4921580623,832120.441538775,969686.562285657
2013-03-01,36,301476.4804174221,288512.94236693403,336209.8913726489
2013-03-01,37,531076.9696418201,508240.57293798035,592262.8857367854
2013-03-01,38,451361.2417573491,431952.63441280485,503363.02802443295
2013-03-01,39,1525922.7255133572,1460307.7983160259,1701725.8297481919
2013-03-01,40,950836.0847961552,909949.9773692499,1060382.8741130414
2013-03-01,41,1309717.7989225173,1253399.7189906265,1460611.7143694684
2013-03-01,42,571894.3471227094,547302.7964998574,637782.8746591887
2013-03-01,43,641893.4481535329,614291.9247180205,715846.6430870631
2013-03-01,44,332636.4301533244,318333.0091590877,370959.8105085613
2013-03-01,45,776139.1891327123,742765.076840882,865558.9719870073
2013-03-08,1,1647377.6965913093,1576540.1857389945,1837173.7511789035
2013-03-08,2,1975933.7051362107,1890968.2320873393,2203583.0305686756
2013-03-08,3,439400.9207640074,420506.60918170155,490024.74632369884
2013-03-08,4,2161059.5004221466,2068133.5878458095,2410037.356415857
2013-03-08,5,340183.5832689975,325555.6334542956,379376.4787862323
2013-03-08,6,1588928.311836306,1520604.1341045385,1771990.3535484523
2013-03-08,7,562165.129531513,537991.9368590734,626932.7440455238
2013-03-08,8,966466.8283187132,924908.5963594678,1077814.4514437728
2013-03-08,9,573459.4775903674,548800.6261009823,639528.3253948041
2013-03-08,10,1913860.548650059,1831564.2314998764,2134358.3627920365
2013-03-08,11,1395039.310370848,1335052.3914679897,1555763.2036533924
2013-03-08,12,1079715.0852930564,1033287.1597298336,1204110.154918774
2013-03-08,13,2013510.1215270767,1926928.8564170485,2245488.663988086
2013-03-08,14,1751506.3541921973,1676191.2940030775,1953299.1769908974
2013-03-08,15,554333.7842680633,530497.3407250041,618199.141554608
2013-03-08,16,485293.70424014074,464425.99544949573,541204.8839116645
2013-03-08,17,871754.441121645,834268.8573291214,972190.154095334
2013-03-08,18,1102420.5930948923,1055016.3269762232,1229431.5872940172
2013-03-08,19,1349569.627370524,1291537.9122862262,1505054.9123760066
2013-03-08,20,2133622.2305264035,2041876.1250507813,2379439.010838658
2013-03-08,21,729097.1504991304,697745.8535756982,813097.1723897523
2013-03-08,22,988429.4460759095,945926.817954849,1102307.404659168
2013-03-08,23,1345290.0796922476,1287442.3858592573,1500282.313670976
2013-03-08,24,1317548.2635053692,1260893.472313508,1469344.3347156818
2013-03-08,25,661212.9847875943,632780.7181115919,737392.0031234884
2013-03-08,26,1000429.3668091111,957410.7401305103,1115689.8484259387
2013-03-08,27,1600378.8271802028,1531562.2754126473,1784760.094374012
2013-03-08,28,1477114.8022033412,1413598.6237048092,1647294.6961106216
2013-03-08,29,517021.2711351971,494789.271769964,576587.8159551052
2013-03-08,30,433195.1142571132,414567.653371335,483103.9625575036
2013-03-08,31,1429401.1845925492,1367936.6994684641,1594083.9442413244
2013-03-08,32,1157627.8403331132,1107849.6535382955,1290999.3174573965
2013-03-08,33,277991.3783479155,266037.7035341088,310019.04688377946
2013-03-08,34,991313.9012130756,948687.2410485409,1105524.1807970384
2013-03-08,35,877742.6951960637,839999.6154972517,978868.3209927467
2013-03-08,36,301099.144506,288151.8319615241,335789.08220831683
2013-03-08,37,532198.054201331,509313.4506777589,593513.1315849883
2013-03-08,38,442252.33311745623,423235.4103367897,493204.67278524005
2013-03-08,39,1532143.8986284644,1466261.4599679348,1708663.7505251116
2013-03-08,40,950270.8722781257,909409.0690820975,1059752.5428877797
2013-03-08,41,1303934.7545053521,1247865.3464308672,1454162.3995419692
2013-03-08,42,602712.5777286052,576795.8381405807,672151.7048576811
2013-03-08,43,618595.0160547555,591995.3290165999,689863.9750055026
2013-03-08,44,326382.199596758,312347.71154111845,363985.02370883734
2013-03-08,45,766872.5268759441,733896.8825793627,855224.6881768032
2013-03-15,1,1635984.5352081647,1565636.932161929,1824467.9721220618
2013-03-15,2,1972501.9944345346,1887684.0855080711,2199755.9489978836
2013-03-15,3,419826.3261232698,401773.7253175285,468194.94278906233
2013-03-15,4,2139953.612256729,2047935.256329398,2386499.8374770884
2013-03-15,5,334591.72005652555,320204.22127610544,373140.3713438447
2013-03-15,6,1656555.6919739768,1585323.5258165263,1847409.1527145486
2013-03-15,7,598949.1110195753,573194.2011166284,667954.6453335829
2013-03-15,8,939213.6303307099,898827.290349989,1047421.3848854224
2013-03-15,9,558683.9081936486,534660.4086090847,623050.4476679524
2013-03-15,10,1896936.9448146217,1815368.3454020494,2115484.973401037
2013-03-15,11,1391956.3839498465,1332102.0313881838,1552325.0901538595
2013-03-15,12,1055488.815602141,1010102.6236047497,1177092.7521354142
2013-03-15,13,2018446.7108970773,1931653.1716353507,2250994.002824274
2013-03-15,14,1706393.6572139775,1633018.4503859808,1902989.000457146
2013-03-15,15,560829.8333749515,536714.0586560129,625443.6070649996
2013-03-15,16,495147.76355432975,473856.32859873027,552194.2393897964
2013-03-15,17,863773.7149484637,826631.3036889129,963289.9603686293
2013-03-15,18,1067455.4115834453,1021554.6539983051,1190438.0317718356
2013-03-15,19,1320645.5651497291,1263857.5894797125,1472798.4796226302
2013-03-15,20,2076905.8241603603,1987598.5334506365,2316188.249794307
2013-03-15,21,728927.4187219576,697583.420292752,812907.8856424522
2013-03-15,22,977118.1974946955,935101.9549158108,1089692.9756612128
2013-03-15,23,1323445.191673714,1266536.831604488,1475920.6539567928
2013-03-15,24,1272471.5045648625,1217755.0213926146,1419074.2366774038
2013-03-15,25,659287.9874289914,630938.4959547918,735245.224867578
2013-03-15,26,948309.9142634365,907532.4325833144,1057565.660912137
2013-03-15,27,1613554.7824549454,1544171.662451887,1799454.0648141552
2013-03-15,28,1312371.894424864,1255939.6879515373,1463571.590905446
2013-03-15,29,508473.4979547176,486609.0542366736,567055.2451605015
2013-03-15,30,419386.2417652224,401352.56465897855,467704.1558659529
2013-03-15,31,1437102.550096464,1375306.9049939539,1602672.5918728318
2013-03-15,32,1158183.418977577,1108381.342210024,1291618.904880752
2013-03-15,33,274789.3782745191,262973.38998846966,306448.14113563875
2013-03-15,34,992829.1859764794,950137.368318861,1107214.0430542773
2013-03-15,35,871224.1131544324,833761.3335513854,971598.7265053556
2013-03-15,36,307284.0407394336,294070.77664361475,342686.5466072466
2013-03-15,37,510233.2991967533,488293.18373698386,569017.7948877739
2013-03-15,38,430658.41285580135,412140.03054588125,480275.005215959
2013-03-15,39,1555139.2700706772,1488268.026670675,1734308.4420246123
2013-03-15,40,914225.0624869785,874913.2350175516,1019553.8588062188
2013-03-15,41,1281531.1297072736,1226425.0811696143,1429177.6304174047
2013-03-15,42,586397.816570514,561182.6143852238,653957.3035261483
2013-03-15,43,628139.543298257,601129.4400248989,700508.1369092697
2013-03-15,44,337200.67236151255,322700.98820453906,376049.9036889271
2013-03-15,45,766541.9660538065,733580.5359267346,854856.0431072142
2013-03-22,1,1562612.9078854758,1495420.2968349904,1742643.125229063
2013-03-22,2,1886162.9157540468,1805057.6013562472,2103469.657529344
2013-03-22,3,416695.6735681698,398777.6913352097,464703.60457913525
2013-03-22,4,2074208.573666072,1985017.2651695078,2313180.2463360145
2013-03-22,5,327154.2948471552,313086.60656925204,364846.0728358073
2013-03-22,6,1553448.4478604996,1486649.9100925517,1732422.8184733915
2013-03-22,7,575887.5696510212,551124.3098052203,642236.1604034419
2013-03-22,8,914380.8499968821,875062.3236390059,1019727.5947530809
2013-03-22,9,556864.4155340166,532919.1544319142,621021.3294143453
2013-03-22,10,1842406.7039556564,1763182.913834007,2054672.2482082373
2013-03-22,11,1326777.743784858,1269726.0834288625,1479637.1527753077
2013-03-22,12,1030210.1406291744,985910.9357971641,1148901.6953904964
2013-03-22,13,1967251.9393309937,1882659.7836341278,2193901.0297231926
2013-03-22,14,1681160.7264517657,1608870.539780593,1874848.9581598812
2013-03-22,15,557944.8321673004,533953.1129729563,622226.2219433101
2013-03-22,16,483390.65739926795,462604.77993456705,539082.585114886
2013-03-22,17,865788.1315624412,828559.1000584565,965536.4599629821
2013-03-22,18,1065339.0108544389,1019529.2588473874,1188077.798369167
2013-03-22,19,1330587.4665557963,1273371.987496483,1483885.7975691028
2013-03-22,20,2032231.6132440325,1944845.320922931,2266367.077746189
2013-03-22,21,710718.9464528619,680157.9153144208,792601.5968229121
2013-03-22,22,989466.9426140874,946919.7019719065,1103464.4322253559
2013-03-22,23,1331808.5806057132,1274540.5934421914,1485247.5974067142
2013-03-22,24,1258967.9159650318,1204832.0893149434,1404014.8859446237
2013-03-22,25,676241.7734945356,647163.2664418862,754152.273814015
2013-03-22,26,924360.6811724952,884613.0204390173,1030857.212396303
2013-03-22,27,1616346.5657564192,1546843.3986140045,1802567.4923001896
2013-03-22,28,1244487.447023801,1190974.2829105998,1387866.107495919
2013-03-22,29,519943.37557276397,497585.72523797123,579846.5790074456
2013-03-22,30,426076.6989781803,407755.3311156451,475165.4274374116
2013-03-22,31,1386659.4663960556,1327032.882157029,1546417.909358515
2013-03-22,32,1160403.1170852005,1110505.5929353544,1294094.3366577546
2013-03-22,33,263362.39745642914,252037.77121770225,293704.64627246413
2013-03-22,34,967278.7280536188,925685.5842727545,1078719.8909702662
2013-03-22,35,854251.2144972994,817518.2723172719,952670.3629862759
2013-03-22,36,300896.6636598155,287958.0578248991,335563.273338562
2013-03-22,37,525194.2325754042,502610.79452922137,585702.3925688439
2013-03-22,38,422841.141124075,404658.9027793654,471557.09768262453
2013-03-22,39,1538967.1385451448,1472791.2994503092,1716273.102830208
2013-03-22,40,888201.9736603844,850009.1432740059,990532.6235328872
2013-03-22,41,1285407.4432998388,1230134.7126426215,1433500.5380288982
2013-03-22,42,562299.004117907,538120.054816319,627082.0424587426
2013-03-22,43,607693.5798102951,581562.6563166932,677706.573239099
2013-03-22,44,323142.5426614594,309247.36038480845,360372.1226135569
2013-03-22,45,766594.8074097764,733631.1050957404,854914.9723693776
2013-03-29,1,1691068.9199952986,1618352.6793784406,1885898.6847268026
2013-03-29,2,1999777.366986497,1913786.612571626,2230173.7448741877
2013-03-29,3,436665.3737610491,417888.69114805013,486974.0341771462
2013-03-29,4,2183611.472469553,2089715.8214003644,2435187.564026743
2013-03-29,5,351374.60355581465,336265.4380352936,391856.8278661019
2013-03-29,6,1662583.0360408241,1591091.6931010066,1854130.9132020483
2013-03-29,7,584164.811055036,559045.628472757,651467.0311813409
2013-03-29,8,971651.8797644895,929870.6897435804,1083596.877923385
2013-03-29,9,597274.3581569715,571591.4629015005,666086.9424957614
2013-03-29,10,1943082.7549932413,1859529.8781826682,2166947.2891544085
2013-03-29,11,1394857.6263010404,1334878.51984295,1555560.5875777053
2013-03-29,12,1045779.9699115495,1000811.2598695068,1166265.3404896765
2013-03-29,13,2115531.0452484805,2024562.8637037866,2359263.5217634533
2013-03-29,14,1803658.4635768104,1726100.8541397874,2011459.78377116
2013-03-29,15,598418.0313922627,572685.9580002999,667362.3794839823
2013-03-29,16,483142.20190088346,462367.0080633189,538805.5048066407
2013-03-29,17,936441.4722078282,896174.3354805689,1044329.8436147025
2013-03-29,18,1131596.3670284436,1082937.5378506053,1261968.7317217698
2013-03-29,19,1422324.2652663356,1361164.0888327279,1586191.6858647342
2013-03-29,20,2268577.1109678275,2171027.9235228286,2529942.17987724
2013-03-29,21,727722.7816549445,696430.5828169828,811564.4611176496
2013-03-29,22,1069640.7895892824,1023646.0603918487,1192875.1893933304
2013-03-29,23,1457172.4921233966,1394513.83622556,1625054.8122682255
2013-03-29,24,1357894.9246942434,1299505.2204610466,1514339.37564484
2013-03-29,25,739707.7127867618,707900.1599465751,824930.1883158635
2013-03-29,26,993196.559065689,950488.9443050458,1107623.741569549
2013-03-29,27,1728676.3342057045,1654342.9686163708,1927838.8872559685
2013-03-29,28,1300762.519484434,1244829.5180355732,1450624.6881081797
2013-03-29,29,559637.9015595785,535573.3801039816,624114.3515767596
2013-03-29,30,438834.87772096205,419964.9060822451,489393.488887792
2013-03-29,31,1408845.52446423,1348264.9360934086,1571160.045669647
2013-03-29,32,1197773.3288907665,1146268.8795107151,1335770.0084525358
2013-03-29,33,264963.5369559894,253570.06145645794,295490.2546770543
2013-03-29,34,1016301.427778668,972600.2998779699,1133390.5456313929
2013-03-29,35,888299.5326284355,850102.5071904472,990641.4223685558
2013-03-29,36,295961.6498907277,283235.2504564123,330059.69162986544
2013-03-29,37,542022.6968258321,518715.63205978164,604469.6812467899
2013-03-29,38,435237.7493269436,416522.45479850663,485381.93168461684
2013-03-29,39,1674883.1606775518,1602862.9103631582,1867848.1476684264
2013-03-29,40,972429.377662315,930614.7551044177,1084463.952142271
2013-03-29,41,1378553.3575260295,1319275.337296482,1537377.887467345
2013-03-29,42,556662.3536077056,532725.7812015396,620795.9877286473
2013-03-29,43,616991.6410864596,590460.8994346304,688075.8735815573
2013-03-29,44,330966.69140959537,316735.0694549015,369097.69947133365
2013-03-29,45,805568.4268252621,770928.8524910993,898378.7819904023
2013-04-05,1,1712675.6129724372,1639030.2810176197,1909994.706707382
2013-04-05,2,2010366.9357397384,1923920.828133531,2241983.348579528
2013-04-05,3,449294.917574878,429975.1625087172,501058.640537995
2013-04-05,4,2213524.5414737416,2118342.623536552,2468546.9480377147
2013-04-05,5,362498.99708417105,346911.4808193605,404262.8740511202
2013-04-05,6,1684716.0314388322,1612272.9660707305,1878813.8734389876
2013-04-05,7,559751.4353026993,535682.0318775474,624240.9656575294
2013-04-05,8,983059.1628991184,940787.4578345027,1096318.4057130169
2013-04-05,9,608089.9238530739,581941.9575006972,678148.5804808723
2013-04-05,10,1950448.0242693105,1866578.4396731742,2175161.1185709154
2013-04-05,11,1438307.0260037608,1376459.5882399008,1604015.8366705438
2013-04-05,12,1059687.8487508807,1014121.097640143,1181775.560150332
2013-04-05,13,2119991.5833722902,2028831.5979574781,2364237.963006741
2013-04-05,14,1870876.2816193965,1790428.2949938797,2086421.83477797
2013-04-05,15,598609.1659257056,572868.8737174901,667575.5348208015
2013-04-05,16,476993.1874255388,456482.40221784066,531948.0561395272
2013-04-05,17,937802.8709469582,897477.193850871,1045848.0904827964
2013-04-05,18,1129915.4508456984,1081328.9013391118,1260094.155481445
2013-04-05,19,1456881.9458642993,1394235.7835032057,1624730.7918800528
2013-04-05,20,2256127.3646192243,2159113.5183069254,2516058.08562987
2013-04-05,21,718103.2888237594,687224.7297535526,800836.6967648392
2013-04-05,22,1075664.421532478,1029410.6751746024,1199592.8100796489
2013-04-05,23,1457069.7388417749,1394415.5013518827,1624940.2206768536
2013-04-05,24,1376393.85887914,1317208.6974452112,1534969.5907919798
2013-04-05,25,730900.2617008424,699471.4307003231,815108.0218610645
2013-04-05,26,1015772.7893307847,972094.3929699552,1132801.0022119787
2013-04-05,27,1747871.0054814974,1672712.2658825368,1949244.9960696069
2013-04-05,28,1366516.353773662,1307755.9266775544,1523954.0883091742
2013-04-05,29,569629.3070893089,545135.1535589871,635256.8770671713
2013-04-05,30,439796.22217968793,420884.9125717435,490465.59081624896
2013-04-05,31,1435888.6336369049,1374145.1871410382,1601318.8188672601
2013-04-05,32,1211339.1176847955,1159251.3371640434,1350898.7255269482
2013-04-05,33,276667.5866056691,264770.83505366306,308542.7397528072
2013-04-05,34,1024014.9740510221,979982.1623968603,1141992.7773900207
2013-04-05,35,889772.2534564702,851511.9007815925,992283.816856279
2013-04-05,36,307072.3115864105,293868.1518788604,342450.42392384604
2013-04-05,37,547604.6662221426,524057.5758575262,610694.7549964254
2013-04-05,38,457081.50266495,437426.9231641973,509742.3259905789
2013-04-05,39,1660906.6086070843,1589487.3523215756,1852261.3428640524
2013-04-05,40,998076.0157345625,955158.5835377297,1113065.3653881901
2013-04-05,41,1386104.0037085444,1326501.3044560852,1545798.45125163
2013-04-05,42,594743.6792437206,569169.6035961343,663264.701499233
2013-04-05,43,627052.9902267241,600089.6089134577,699296.4009567838
2013-04-05,44,333751.54730838817,319400.17609378806,372203.4014416008
2013-04-05,45,811261.971944858,776377.5742377479,904728.2862155219
2013-04-12,1,1597970.1674851999,1529257.1884791532,1782073.9305535727
2013-04-12,2,1929121.9250001619,1846169.3661665702,2151378.017783898
2013-04-12,3,415467.997094878,397602.8051514064,463334.4862546985
2013-04-12,4,2065302.3243496795,1976493.98603288,2303247.8990064445
2013-04-12,5,342748.5239222851,328010.2812392636,382236.92885260266
2013-04-12,6,1587724.1884897808,1519451.788259192,1770647.5019303956
2013-04-12,7,502921.31997387076,481295.6208186468,560863.3951255087
2013-04-12,8,929665.9607832608,889690.172157327,1036773.7186496841
2013-04-12,9,568104.7282291777,543676.1318396216,633556.6499308983
2013-04-12,10,1866019.8139012672,1785780.6561832917,2081005.8484903954
2013-04-12,11,1385787.9115987401,1326198.8043587895,1545445.941849391
2013-04-12,12,1040220.1327992908,995490.4966639738,1160064.9489069767
2013-04-12,13,2036025.5232520844,1948476.0921790595,2270598.087972654
2013-04-12,14,1682698.833396092,1610342.5078743168,1876564.2719646445
2013-04-12,15,559336.9742747662,535285.3927417188,623778.7541543745
2013-04-12,16,447034.7521628955,427812.1845797452,498538.07917747117
2013-04-12,17,902415.0380999978,863611.0436141118,1006383.1895362401
2013-04-12,18,1048357.8632623082,1003278.3033838326,1169140.2355469253
2013-04-12,19,1354936.8259074849,1296674.32040676,1511040.4712978455
2013-04-12,20,2050796.7306206205,1962612.135210701,2287071.1011176337
2013-04-12,21,716614.4353915307,685799.8972628368,799176.3110192372
2013-04-12,22,970613.4732422705,928876.9348719447,1082438.8355329721
2013-04-12,23,1306596.2446203097,1250412.3920348352,1457130.5226313735
2013-04-12,24,1281478.2778530146,1226374.5019537474,1429118.689447434
2013-04-12,25,679112.2749151856,649910.3358311583,757353.4886135428
2013-04-12,26,924789.3259719743,885023.2334418916,1031335.2417977036
2013-04-12,27,1652418.2742703496,1581364.0177520108,1842795.0589226424
2013-04-12,28,1256913.67568783,1202866.1817062187,1401723.9745624322
2013-04-12,29,524495.5730672033,501942.17749433825,584923.2397903802
2013-04-12,30,427346.3476886875,408970.384723587,476581.3536630661
2013-04-12,31,1397280.8779988533,1337197.5713207424,1558263.024560392
2013-04-12,32,1171713.3129159259,1121329.4484923475,1306707.59161677
2013-04-12,33,291656.9785230118,279115.68066276604,325259.07470966375
2013-04-12,34,981986.9317330954,939761.3327842882,1095122.6417072946
2013-04-12,35,860149.9292301419,823163.3413501835,959248.6746237917
2013-04-12,36,309642.51893934584,296327.8398945284,345316.7474716701
2013-04-12,37,527262.2223328466,504589.8603882836,588008.6375228344
2013-04-12,38,432535.1150348658,413936.03422377555,482367.9241557331
2013-04-12,39,1583209.0841843202,1515130.8341786005,1765612.2078803482
2013-04-12,40,888817.0753470853,850597.7954874032,991218.5917085223
2013-04-12,41,1333646.3031529738,1276299.2936188357,1487297.0458317858
2013-04-12,42,587828.5766973607,562551.8515922069,655552.9029777587
2013-04-12,43,630133.8554048412,603037.9963841608,702732.2157355498
2013-04-12,44,331440.58756797016,317188.58800082514,369626.1936865656
2013-04-12,45,763775.2741095673,730932.8121893798,851770.5977791199
2013-04-19,1,1555752.471265841,1488854.8601139828,1734992.2907511536
2013-04-19,2,1892528.8061375204,1811149.757410273,2110568.9685978373
2013-04-19,3,420690.09404557024,402600.35107765417,469158.22628940607
2013-04-19,4,2081948.0152678748,1992423.9095144381,2321811.35685125
2013-04-19,5,334095.97262929205,319729.791069464,372587.5083529153
2013-04-19,6,1516630.8978986852,1451415.5208111156,1691363.4812536866
2013-04-19,7,464128.0668225857,444170.4839085776,517600.73194884416
2013-04-19,8,916227.7068759238,876829.765369668,1021787.2298855584
2013-04-19,9,553508.3741803182,529707.4234062635,617278.6351338271
2013-04-19,10,1781471.0112700085,1704867.4659172695,1986716.0925897546
2013-04-19,11,1320135.8968893436,1263369.8370380253,1472230.091965248
2013-04-19,12,1007351.7299217118,964035.4404951407,1123409.7440108517
2013-04-19,13,1997065.8155582135,1911191.658299007,2227149.7928567957
2013-04-19,14,1665750.4850894208,1594122.941321573,1857663.2872667932
2013-04-19,15,551339.6507238969,527631.9554137822,614860.0508492715
2013-04-19,16,432361.72548572946,413770.1004536594,482174.558220853
2013-04-19,17,1005997.0007064469,962738.9648580849,1121898.935069229
2013-04-19,18,1060377.2900536426,1014780.8928539312,1182544.4326845624
2013-04-19,19,1314352.4404125717,1257835.0701372898,1465780.3176043371
2013-04-19,20,1991824.7445317656,1906175.9541853694,2221304.892723828
2013-04-19,21,698610.4460729773,668570.0824346731,779098.0638382826
2013-04-19,22,992489.1161917818,949811.9215906209,1106834.7934849113
2013-04-19,23,1329962.1160752685,1272773.5271890722,1483188.3998257134
2013-04-19,24,1254625.518052,1200676.4152236108,1399172.1959655723
2013-04-19,25,680996.2655021746,651713.3145142423,759454.5356661077
2013-04-19,26,941507.1145893068,901022.1544097121,1049979.1037906588
2013-04-19,27,1649881.1998428518,1578936.0379405583,1839965.6855781868
2013-04-19,28,1213018.6941308354,1160858.6915477295,1352771.8076781437
2013-04-19,29,525975.0830660602,503358.0683208481,586573.2056361792
2013-04-19,30,441492.66938519944,422508.41226947977,492357.48742421897
2013-04-19,31,1394104.890909526,1334158.1521965954,1554721.1287785878
2013-04-19,32,1152700.8499555085,1103134.5245541437,1285504.6835232503
2013-04-19,33,271658.80316831986,259977.4301247362,302956.8892975788
2013-04-19,34,978414.3070160681,936342.3315154158,1091138.4112745794
2013-04-19,35,863993.6088715689,826841.7421372981,963535.1884935508
2013-04-19,36,302395.19821305835,289392.1551468394,337234.4555769454
2013-04-19,37,535955.7654564002,512909.5797332138,597703.7725634399
2013-04-19,38,420133.9805621791,402068.15056516,468538.0424077881
2013-04-19,39,1520493.4217836307,1455111.9555361902,1695671.0104313649
2013-04-19,40,907660.2583329552,868630.718517699,1012232.7169100057
2013-04-19,41,1298175.3635460963,1242353.610226452,1447739.463311246
2013-04-19,42,552483.5378804035,528726.6552351497,616135.726404788
2013-04-19,43,619270.8819873104,592642.132603324,690617.7081373611
2013-04-19,44,337471.80404100206,322960.46117738954,376352.2727240924
2013-04-19,45,760799.3888216902,728084.8904564371,848451.8577301804
2013-04-26,1,1535540.7631633999,1469512.258771341,1712451.971266965
2013-04-26,2,1863834.218605468,1783689.04184329,2078568.448544742
2013-04-26,3,405125.8824104152,387705.4030927807,451800.84605227766
2013-04-26,4,2056393.5542823912,1967968.2945380574,2293312.740507713
2013-04-26,5,331910.9277760668,317638.7035029153,370150.7222668828
2013-04-26,6,1514473.4145468348,1449350.809596867,1688957.432057545
2013-04-26,7,457932.64325279125,438241.46456731437,510691.5273484585
2013-04-26,8,921655.5571989595,882024.2172395389,1027840.4283472365
2013-04-26,9,557248.4257533324,533286.6521488851,621449.5818403503
2013-04-26,10,1756147.520932924,1680632.8898135652,1958475.0572571838
2013-04-26,11,1287919.4495036989,1232538.70216816,1436301.9550142558
2013-04-26,12,1005226.1070748924,962001.2197789869,1121039.2260008268
2013-04-26,13,2007910.1565467753,1921569.6908483729,2239243.5213649836
2013-04-26,14,1631147.3309371271,1561007.7284670516,1819073.468642848
2013-04-26,15,551275.0477436106,527570.1303722324,614788.0048941298
2013-04-26,16,411800.1272012227,394092.6542641054,459244.0373519933
2013-04-26,17,932871.5466348875,892757.9172921451,1040348.6232972004
2013-04-26,18,1039105.4105696301,994423.7076728195,1158821.7983990964
2013-04-26,19,1330425.5838597915,1273217.0657829284,1483705.2642035694
2013-04-26,20,2002216.2764002485,1916120.6484810063,2232893.6435141405
2013-04-26,21,672621.8824233618,643699.0312798393,750115.3314225719
2013-04-26,22,960946.6501260195,919625.7867334608,1071658.2879249684
2013-04-26,23,1332906.7521823775,1275591.5434611398,1486472.290444087
2013-04-26,24,1258014.7666119095,1203919.925540165,1402951.9232881954
2013-04-26,25,680524.3334457041,651261.6756135193,758928.2318389516
2013-04-26,26,944626.7945203672,904007.6875926227,1053458.205209406
2013-04-26,27,1623517.261509873,1553705.7532752454,1810564.3311812757
2013-04-26,28,1211062.8240025854,1158986.924155435,1350590.5997694954
2013-04-26,29,515095.9314973714,492946.7220520038,574440.6559856358
2013-04-26,30,430200.31980647444,411701.63557272725,479764.13480198995
2013-04-26,31,1356250.303191785,1297931.3179526413,1512505.2756317144
2013-04-26,32,1159706.5630925074,1109838.9908784674,1293317.5319733752
2013-04-26,33,267710.64025777124,256199.03886619027,298553.85453533416
2013-04-26,34,966043.825244472,924503.7824867219,1077342.7137564942
2013-04-26,35,840045.5997877922,803923.501367657,936828.1050039876
2013-04-26,36,295694.2459747071,282979.3449525909,329761.4798375776
2013-04-26,37,539081.3083289119,515900.7237501327,601189.4123990673
2013-04-26,38,428856.0965397649,410415.21412671765,478265.042209907
2013-04-26,39,1531354.9940847096,1465506.478448812,1707783.9554890546
2013-04-26,40,905896.5305243534,866942.8312938283,1010265.7882324521
2013-04-26,41,1320140.4795340598,1263374.222628268,1472235.2025811078
2013-04-26,42,542483.0636859514,519156.2030694913,604983.0874395979
2013-04-26,43,601456.9306503363,575594.1840923969,670751.3934065104
2013-04-26,44,341733.3300587674,327038.7408782019,381104.7734748336
2013-04-26,45,735158.5973133565,703546.6571838326,819856.9646367308
2013-05-03,1,1626592.9995584192,1556649.2340837892,1813994.4281286749
2013-05-03,2,1938755.4198006853,1855388.619112363,2162121.39728713
2013-05-03,3,424699.9813960507,406437.8126151023,473630.0968268853
2013-05-03,4,2121207.029616194,2029994.7798137607,2365593.4420446623
2013-05-03,5,346504.8351991044,331605.0705157626,386426.0085598908
2013-05-03,6,1554113.684704109,1487286.5416428966,1733164.6979281912
2013-05-03,7,453210.1781182608,433722.066207276,505424.98221799516
2013-05-03,8,948312.3467585202,907534.760480711,1057568.3736574457
2013-05-03,9,573850.6442960668,549174.9725742497,639964.5588132442
2013-05-03,10,1805254.1795787786,1727627.954092236,2013239.343831502
2013-05-03,11,1343644.4895019855,1285867.5563167825,1498447.1333665429
2013-05-03,12,1033044.6985656585,988623.6072779782,1152062.825620607
2013-05-03,13,2027611.7027672194,1940424.067353526,2261214.902699532
2013-05-03,14,1704362.8044121203,1631074.9245873292,1900724.1710450444
2013-05-03,15,576211.1549082784,551433.9808434008,642597.0262462486
2013-05-03,16,423102.1016145336,404908.6419259797,471848.1236957588
2013-05-03,17,937444.2077772361,897133.9532562087,1045448.1053656667
2013-05-03,18,1083178.2214346258,1036601.380449931,1207972.2824862497
2013-05-03,19,1383200.954336265,1323723.0866824363,1542560.9386179675
2013-05-03,20,2126152.035595757,2034727.1497260353,2371108.1671765335
2013-05-03,21,683046.0840497683,653674.9905284565,761740.5158867401
2013-05-03,22,997732.7597212747,954830.0875892508,1112682.5625016077
2013-05-03,23,1363714.990056275,1305075.0220589777,1520829.9766377965
2013-05-03,24,1316777.640787403,1260155.9864986697,1468484.9277730973
2013-05-03,25,701523.3310734035,671357.7129028471,782346.5452727823
2013-05-03,26,970384.6271809598,928657.9292287634,1082183.6238849263
2013-05-03,27,1672920.4132546147,1600984.561400975,1865659.2701249977
2013-05-03,28,1326707.1128809652,1269658.489665409,1479558.3844133697
2013-05-03,29,520148.0951027845,497781.64179466054,580074.8844820709
2013-05-03,30,438778.3722393631,419910.8303456125,489330.473352371
2013-05-03,31,1392989.72497222,1333090.9385772974,1553477.4834430541
2013-05-03,32,1192784.5548540188,1141494.6235748858,1330206.4727012385
2013-05-03,33,277353.1485979323,265426.91776793957,309307.2860372433
2013-05-03,34,991284.3077676889,948658.9201261543,1105491.1778608058
2013-05-03,35,869957.8081141311,832549.4798352828,970186.5291775413
2013-05-03,36,297749.1268321443,284945.86559649586,332053.10560190293
2013-05-03,37,541539.5122000037,518253.2244520266,603930.828430352
2013-05-03,38,458727.9011030098,439002.5261996821,511578.40766185813
2013-05-03,39,1562363.8650661893,1495181.9628977352,1742365.389934079
2013-05-03,40,963223.461527667,921804.694871815,1074197.4130765027
2013-05-03,41,1380413.4501082804,1321055.445592947,1539452.2832018174
2013-05-03,42,576667.6229757597,551870.8207091948,643106.0844625661
2013-05-03,43,619639.0890807875,592994.5067314563,691028.3367433777
2013-05-03,44,341555.27338891034,326868.3406743207,380906.20271552284
2013-05-03,45,765995.843471559,733057.896704998,854247.0011885897
2013-05-10,1,1604226.9608614214,1535244.9387151126,1789051.5754380026
2013-05-10,2,1951034.870799281,1867140.0517062095,2175815.5762845674
2013-05-10,3,423427.8839195295,405220.41553848615,472211.43971040164
2013-05-10,4,2106596.8475220134,2016012.837943296,2349300.0060591493
2013-05-10,5,336171.63759561966,321716.20210217196,374902.3127843879
2013-05-10,6,1554497.8738998482,1487654.2106402752,1733593.1499506745
2013-05-10,7,454756.34984810965,435201.7522994236,507149.28996039735
2013-05-10,8,945171.3802092029,904528.856007616,1054065.5331675708
2013-05-10,9,579830.1355855659,554897.3447586476,646632.9533564028
2013-05-10,10,1801180.2323052068,1723729.1872188847,2008696.0329622463
2013-05-10,11,1319258.4117742854,1262530.0839266777,1471251.5109004618
2013-05-10,12,1021685.8556346609,977753.1964539948,1139395.3188795769
2013-05-10,13,2073321.41326008,1984168.252806322,2312190.875280217
2013-05-10,14,1729400.2122995588,1655035.7198335924,1928646.1640789062
2013-05-10,15,583086.7447477517,558013.9191933114,650264.7597618168
2013-05-10,16,449835.4225211955,430492.42565378913,501661.4176071586
2013-05-10,17,944575.0086854186,903958.1285570613,1053400.4530759112
2013-05-10,18,1098481.819484971,1051246.9212768392,1225039.0235832443
2013-05-10,19,1404573.3132005513,1344176.4306140079,1566395.6286149777
2013-05-10,20,2141812.1933583505,2049713.918139148,2388572.5475917156
2013-05-10,21,668056.1233848386,639329.6006280059,745023.5466563103
2013-05-10,22,1002821.24232119,959699.7646036958,1118357.2943407227
2013-05-10,23,1387296.8324583382,1327642.84137421,1547128.707011015
2013-05-10,24,1352182.1221101687,1294038.0693240468,1507968.3952832352
2013-05-10,25,725471.6103938412,694276.2122889285,809053.9301332462
2013-05-10,26,1030318.0232439341,986014.1794418141,1149022.0072706775
2013-05-10,27,1686859.084678593,1614323.8676700736,1881203.830015196
2013-05-10,28,1255644.6503770568,1201651.7246917202,1400308.743559027
2013-05-10,29,533852.2612488926,510896.52655125764,595357.9215035867
2013-05-10,30,431567.7529897634,413010.26890510076,481289.1113486724
2013-05-10,31,1401328.2721484238,1341070.9268587746,1562776.72309331
2013-05-10,32,1203787.2216754523,1152024.1739203704,1342476.767922019
2013-05-10,33,288808.35824146005,276389.55152002606,322082.26199745364
2013-05-10,34,980486.0938406982,938325.0311671547,1093448.890759718
2013-05-10,35,894305.3579322456,855850.0810222263,997339.1848945124
2013-05-10,36,305986.65523928904,292829.1789325341,341239.6880083002
2013-05-10,37,537509.7213846673,514396.7153019723,599436.761329652
2013-05-10,38,434598.5287931018,415910.72085234703,484669.0659050092
2013-05-10,39,1560645.0948714078,1493537.100102925,1740448.5984826135
2013-05-10,40,964433.1996097176,922962.4140181395,1075546.526309457
2013-05-10,41,1395998.10037852,1335969.953348248,1556832.4568299
2013-05-10,42,591604.3465785828,566165.2627499314,659763.6831349905
2013-05-10,43,620720.2188871719,594029.1477790388,692234.0246108391
2013-05-10,44,349283.7741163129,334264.51460424246,389525.1118471265
2013-05-10,45,765688.9672133704,732764.2161761887,853904.7694055743
2013-05-17,1,1604429.7796504856,1535439.0362630181,1789277.761185379
2013-05-17,2,1999042.3759150836,1913083.2262367008,2229354.07473628
2013-05-17,3,419574.79075964703,401533.0060157519,467914.4277811821
2013-05-17,4,2148369.8443572987,2055989.5890707658,2395885.7122106054
2013-05-17,5,337785.7571055149,323260.9142086917,376702.39663946326
2013-05-17,6,1567600.7820038134,1500193.6915490488,1748205.6573814377
2013-05-17,7,467581.90487188275,447475.8063558937,521452.49018141034
2013-05-17,8,945459.2740233006,904804.3703405403,1054386.5955198666
2013-05-17,9,575175.1670741326,550442.5406558549,641441.6812034139
2013-05-17,10,1807180.4814335098,1729471.4246516172,2015387.5768758622
2013-05-17,11,1343510.1673352157,1285739.0100251904,1498297.3358067595
2013-05-17,12,1014553.4355504455,970927.471601944,1131441.1654463871
2013-05-17,13,2104958.5847999197,2014445.020786658,2347472.997427921
2013-05-17,14,1715749.255424411,1641971.7563405868,1913422.4666224034
2013-05-17,15,598042.218296672,572326.3049293911,666943.2685806375
2013-05-17,16,465589.89081076917,445569.44922577054,519230.97416074935
2013-05-17,17,955236.3915317695,914161.0701943066,1065290.1446488353
2013-05-17,18,1104780.2323975721,1057274.5014022952,1232063.0830330353
2013-05-17,19,1380520.4636341813,1321157.8575197016,1539571.625864531
2013-05-17,20,2101517.523518617,2011151.925704219,2343635.4879877428
2013-05-17,21,693679.1952047206,663850.8761616652,773598.6785580369
2013-05-17,22,1008998.6951991066,965611.5859957761,1125246.4578276002
2013-05-17,23,1416966.0282377992,1356036.256874288,1580216.120915791
2013-05-17,24,1343872.3306796323,1286085.6002864619,1498701.2243572588
2013-05-17,25,723804.6654523173,692680.9462529948,807194.9347750082
2013-05-17,26,1008488.5634157952,965123.3899627249,1124677.5532443458
2013-05-17,27,1713881.1172621315,1640183.9484253528,1911339.0983684703
2013-05-17,28,1236832.4804741992,1183648.481176786,1379329.2044892919
2013-05-17,29,544638.4618351844,521218.91874517663,607386.8111948144
2013-05-17,30,441410.2393403552,422429.5267300688,492265.560530338
2013-05-17,31,1428429.2152522136,1367006.524969006,1592999.9933278756
2013-05-17,32,1210216.2100681646,1158176.7147589,1349646.446585366
2013-05-17,33,281808.2659641476,269690.46435750136,314275.68199195835
2013-05-17,34,1004650.834610766,961450.684125068,1120397.675812879
2013-05-17,35,913580.5884182659,874296.4734393813,1018835.1342266619
2013-05-17,36,304613.40425362455,291514.9779642404,339708.22338433226
2013-05-17,37,538500.9325563688,515345.30423089507,600542.1709453663
2013-05-17,38,427409.8374769175,409031.1444405212,476652.15817416605
2013-05-17,39,1598075.0197505674,1529357.5320799316,1782190.8629547358
2013-05-17,40,946198.9337210834,905512.224550136,1055211.4721613212
2013-05-17,41,1403323.6358859637,1342980.489628689,1565001.9747100142
2013-05-17,42,570905.429162435,546356.4021738947,636680.022458115
2013-05-17,43,624000.5513460379,597168.4254047388,695892.2874979952
2013-05-17,44,347890.2562223085,332930.91820798785,387971.0453437616
2013-05-17,45,783107.262254035,749433.5216763702,873329.8438770892
2013-05-24,1,1591865.9015065418,1523415.4069376728,1775266.3859028167
2013-05-24,2,1975186.328237844,1890252.9925180492,2202749.547620134
2013-05-24,3,418968.09736437787,400952.4005358772,467237.83662475913
2013-05-24,4,2131445.4576104325,2039792.9537268295,2377011.449708157
2013-05-24,5,340856.0699824644,326199.20312890626,380126.4433757459
2013-05-24,6,1619154.76884448,1549530.8485091953,1805699.2313130705
2013-05-24,7,507458.4412065198,485637.6450949505,565923.2426952473
2013-05-24,8,939350.0335012814,898957.8281618782,1047573.5032035653
2013-05-24,9,568746.127400401,544289.9507413984,634271.9453509091
2013-05-24,10,1821413.7863662124,1743092.6951402933,2031260.7153000336
2013-05-24,11,1323489.5197123217,1266579.253530173,1475970.0890736696
2013-05-24,12,1004153.2200547551,960974.4670764925,1119842.730579373
2013-05-24,13,2078297.7369509186,1988930.593763156,2317740.5262686303
2013-05-24,14,1759429.8691001278,1683774.0964718142,1962135.568084479
2013-05-24,15,642040.581001785,614432.7308296921,716010.7272599302
2013-05-24,16,488799.9743280419,467781.49534916575,545115.1149311595
2013-05-24,17,962887.3401442152,921483.0267629203,1073822.566807693
2013-05-24,18,1131211.9626040596,1082569.6628794488,1261540.0396739312
2013-05-24,19,1433850.8250272681,1372195.0046354812,1599046.2322617127
2013-05-24,20,2139308.256876109,2047317.6513358767,2385780.130048786
2013-05-24,21,707726.2177935496,677293.8744777741,789264.0728606381
2013-05-24,22,1044750.8458833155,999826.3883430939,1165117.6500387914
2013-05-24,23,1529914.35919536,1464127.7910957313,1706177.343593542
2013-05-24,24,1398222.017075948,1338098.24126333,1559312.593224715
2013-05-24,25,757181.5535023875,724622.6226485941,844417.2079358656
2013-05-24,26,1052523.6137495243,1007264.9259176007,1173785.9263711427
2013-05-24,27,1772266.0654352794,1696058.33426153,1976450.635613143
2013-05-24,28,1211948.5553908553,1159834.5689488952,1351578.3771689902
2013-05-24,29,552925.3322506945,529149.4523751365,616628.4203523853
2013-05-24,30,436285.2319639415,417524.89551049884,486550.09585819405
2013-05-24,31,1416135.9219961008,1355241.8453369834,1579290.3772923988
2013-05-24,32,1239221.1317932687,1185934.4200977897,1381993.0547485212
2013-05-24,33,275271.6916926546,263434.9638506053,306986.02237166214
2013-05-24,34,1013454.1033334226,969875.4108503627,1130215.1780501036
2013-05-24,35,925903.3856341529,886089.388356074,1032577.6534030305
2013-05-24,36,297402.12641599146,284613.78625508863,331666.1269160052
2013-05-24,37,538740.8968053752,515574.9499778796,600809.7817187841
2013-05-24,38,430712.656691649,412191.94188790035,480335.49853912875
2013-05-24,39,1641137.9584107737,1570568.7573225123,1830215.1264365457
2013-05-24,40,992027.3160286299,949369.9789101437,1106319.788856775
2013-05-24,41,1451118.5381052392,1388720.2032220357,1618303.3760699471
2013-05-24,42,548194.6805289293,524622.2194524559,611352.7454496721
2013-05-24,43,602995.3391796274,577066.4408028825,672467.043542148
2013-05-24,44,352926.8220205348,337750.91085172235,393587.8789938303
2013-05-24,45,795043.1631011562,760856.1768315415,886640.8919617989
2013-05-31,1,1620607.4816606268,1550921.094436242,1807319.3126455715
2013-05-31,2,1981751.6471606186,1896536.0016515125,2210071.263592128
2013-05-31,3,427200.65767134645,408830.9594008608,476418.8785511221
2013-05-31,4,2141343.415747745,2049265.298042601,2388049.761637331
2013-05-31,5,348829.62836423644,333829.89719391044,389018.6435025261
2013-05-31,6,1665405.1778572844,1593792.482356992,1857278.196838359
2013-05-31,7,550735.1876836536,527053.4843833017,614185.9470093381
2013-05-31,8,950319.8789191376,909455.9684295169,1059807.195633587
2013-05-31,9,585670.9320645914,560486.9860321454,653146.67391936
2013-05-31,10,1792274.0401522992,1715205.9627877024,1998763.7493820244
2013-05-31,11,1350525.0388266293,1292452.2408931886,1506120.397754596
2013-05-31,12,1001148.4144633916,958098.8686178513,1116491.7382894622
2013-05-31,13,2082137.6917355452,1992605.429862923,2322022.886137061
2013-05-31,14,1766526.7300635073,1690565.791251051,1970050.0655944704
2013-05-31,15,636070.3272567908,608719.198973872,709352.6345281443
2013-05-31,16,509217.9384749145,487321.48369253625,567885.4534277675
2013-05-31,17,947851.1868287439,907093.4305034694,1057054.0830246212
2013-05-31,18,1151145.814022895,1101646.3554214025,1283770.490324296
2013-05-31,19,1425814.9079665663,1364504.6333249577,1590084.489049382
2013-05-31,20,2155949.74128919,2063243.5491927299,2404338.896752758
2013-05-31,21,700725.1266174119,670593.8313692373,781456.3788721712
2013-05-31,22,1077793.5111010866,1031448.2135429404,1201967.194215995
2013-05-31,23,1520948.8108194624,1455547.7627688723,1696178.8652997024
2013-05-31,24,1429784.3319070505,1368303.3713856686,1594511.234346376
2013-05-31,25,727436.2644173683,696156.385867564,811244.933938652
2013-05-31,26,1036859.4045167367,992274.280248176,1156317.0277117777
2013-05-31,27,1817724.8412497146,1739562.375268185,2027146.7630766956
2013-05-31,28,1249405.237842821,1195680.6079186935,1393350.4819810095
2013-05-31,29,569605.7923031292,545112.6499124657,635230.6531186359
2013-05-31,30,426468.20974336343,408130.006853782,475602.0445547774
2013-05-31,31,1421966.6656332866,1360821.8660424876,1585792.886815416
2013-05-31,32,1212238.1956597164,1160111.754638742,1351901.3871868732
2013-05-31,33,273620.7213673024,261854.98551973072,305144.8420813205
2013-05-31,34,997653.292540472,954754.0375102422,1112593.9398263383
2013-05-31,35,979172.4202043503,937067.845712396,1091983.8674518825
2013-05-31,36,296958.9214127041,284189.63913955534,331171.859814954
2013-05-31,37,533169.2236807073,510242.85971041,594596.1904846857
2013-05-31,38,434439.90355990175,415758.916530163,484492.16529787297
2013-05-31,39,1667494.9064674391,1595792.3522945384,1859608.6852003224
2013-05-31,40,1016534.9431305105,972823.774031425,1133650.9645236663
2013-05-31,41,1435873.2769880854,1374130.4908306338,1601301.692963361
2013-05-31,42,540675.5042286296,517426.36896497675,602967.2772246375
2013-05-31,43,605004.4085032458,578989.1198164285,674707.579779398
2013-05-31,44,346026.04105785966,331146.8646010349,385892.05206021667
2013-05-31,45,807475.4382413339,772753.862103844,900505.5021251079
2013-06-07,1,1649760.8423977096,1578820.8558852759,1839831.4616297674
2013-06-07,2,2026706.5480697332,1939557.834456328,2260205.464211674
2013-06-07,3,433720.81700879196,415070.7508185628,483690.2320561772
2013-06-07,4,2166272.08674293,2073122.0321007927,2415850.4900913415
2013-06-07,5,342493.244861454,327765.979219872,381952.2388323633
2013-06-07,6,1686288.1900031117,1613777.5215591707,1880567.1619853615
2013-06-07,7,586449.5677810309,561232.1402852099,654015.0170460958
2013-06-07,8,953984.2488461664,912962.7698493297,1063893.7413349622
2013-06-07,9,586604.6703632257,561380.573430959,654187.9891540332
2013-06-07,10,1817715.9863149412,1739553.9010970576,2027136.8879559094
2013-06-07,11,1373611.0484385234,1314545.5483094642,1531866.169939199
2013-06-07,12,1044422.4489428708,999512.1125248914,1164751.418153899
2013-06-07,13,2148013.2976015145,2055648.3738838953,2395488.087341609
2013-06-07,14,1783090.214329755,1706417.0429801638,1988521.8456756135
2013-06-07,15,620348.1617682548,593673.0891771913,691819.1024140483
2013-06-07,16,551918.2294113099,528185.6551228447,615505.2881738427
2013-06-07,17,974182.4186354666,932292.4150285135,1086418.9627432274
2013-06-07,18,1154201.99861582,1104571.1235761202,1287178.781042628
2013-06-07,19,1407893.044254458,1347353.412688707,1570097.8292492528
2013-06-07,20,2197445.5596875735,2102955.040601496,2450615.4904585844
2013-06-07,21,708367.2554936924,677907.3474517859,789978.9651641184
2013-06-07,22,1070190.0313023827,1024171.6846213004,1193487.7098010355
2013-06-07,23,1574289.990749146,1506595.2632224027,1755665.5366480504
2013-06-07,24,1411897.9424597372,1351186.0996150146,1574564.1358370539
2013-06-07,25,745890.4617703797,713817.0497109438,831825.2580781493
2013-06-07,26,1076232.7050043363,1029954.5223640659,1200226.5660664437
2013-06-07,27,1775203.5725407172,1698869.5280801663,1979726.5758903353
2013-06-07,28,1328907.0096276505,1271763.7904915656,1482011.7334945651
2013-06-07,29,566305.6964558931,541954.4587273335,631550.3498830987
2013-06-07,30,429404.94235101866,410940.4594781671,478877.1211035125
2013-06-07,31,1438712.9417292986,1376848.049522737,1604468.5183583507
2013-06-07,32,1248133.2326223035,1194463.299131058,1391931.927749437
2013-06-07,33,282053.3019506336,269924.9637564229,314548.9488228726
2013-06-07,34,1005277.8349452235,962050.7233424189,1121096.9134915422
2013-06-07,35,963530.5140288472,922098.5440651384,1074539.8414076434
2013-06-07,36,309150.8517193912,295857.3144455843,344768.4347728368
2013-06-07,37,530285.356244957,507482.9990468767,591380.0697579071
2013-06-07,38,438014.3330431868,419179.64496004855,488478.4084257963
2013-06-07,39,1663612.756608503,1592077.1355155704,1855279.2689202924
2013-06-07,40,1038650.9176715264,993988.7580437963,1158314.942913423
2013-06-07,41,1460812.1538177123,1397996.9918707144,1629113.8030763469
2013-06-07,42,586303.7959029345,561092.6366217542,653852.4506421358
2013-06-07,43,618789.144054544,592181.1094805924,690080.4686889597
2013-06-07,44,353440.63849653787,338242.6331350759,394160.89278695703
2013-06-07,45,794711.6618720698,760538.9302096174,886271.198140023
2013-06-14,1,1622804.2612078167,1553023.4121029924,1809769.1853915574
2013-06-14,2,2010287.1416011122,1923844.4651559389,2241894.361277293
2013-06-14,3,433144.2310934727,414518.9581920675,483047.2170929931
2013-06-14,4,2161430.300882455,2068488.4438255744,2410450.8771731267
2013-06-14,5,337551.4094721265,323036.6435619335,376441.0495776432
2013-06-14,6,1677256.1705211322,1605133.8803946814,1870494.5543819177
2013-06-14,7,612658.4682122855,586314.0537039732,683243.4714674427
2013-06-14,8,949926.1293686006,909079.150174163,1059368.081798137
2013-06-14,9,579630.9479266171,554706.7222016676,646410.8170853239
2013-06-14,10,1805482.1095523397,1727846.0830395909,2013493.5338483995
2013-06-14,11,1378044.3121348782,1318788.18094055,1536810.194440593
2013-06-14,12,1018960.9212934572,975145.4347359037,1136356.442090299
2013-06-14,13,2143439.7356109414,2051271.4758082284,2390387.6006372813
2013-06-14,14,1699901.946619675,1626805.8844108058,1895749.3733037736
2013-06-14,15,634667.4896090142,607376.6835747843,707788.1745327265
2013-06-14,16,550176.7626783038,526519.0717446718,613563.1852929731
2013-06-14,17,974185.8905231799,932295.7376244863,1086422.834630644
2013-06-14,18,1137273.3844578834,1088370.4426004824,1268299.8040847941
2013-06-14,19,1433652.0921197624,1372004.8172755577,1598824.6031344517
2013-06-14,20,2177891.1871674266,2084241.5093034152,2428808.238855554
2013-06-14,21,717272.5889511663,686429.7501115791,799910.291117735
2013-06-14,22,1076225.2996883043,1029947.4354778365,1200218.307576444
2013-06-14,23,1574150.696559296,1506461.9587055373,1755510.1942333668
2013-06-14,24,1402419.9669214534,1342115.6785777055,1563994.1931279348
2013-06-14,25,757853.3873110448,725265.567493409,845166.4443987446
2013-06-14,26,1048666.2793141992,1003573.4574949627,1169484.1845248367
2013-06-14,27,1788611.08998929,1711700.5200818237,1994678.787017121
2013-06-14,28,1247987.8408409208,1194324.159220095,1391769.7852335186
2013-06-14,29,569646.4601233037,545151.5690097099,635276.006319603
2013-06-14,30,428730.83978923917,410295.34343698603,478125.35450216394
2013-06-14,31,1434115.9791255898,1372448.7570641334,1599341.9350325235
2013-06-14,32,1242363.4718458424,1188941.639013276,1385497.426984355
2013-06-14,33,282672.29788277735,270517.342762071,315239.25990391616
2013-06-14,34,997023.3535117229,954151.1859629356,1111891.424883435
2013-06-14,35,960307.5321164654,919014.1509030277,1070945.5364815758
2013-06-14,36,306429.31324384664,293252.8025703727,341733.34509034344
2013-06-14,37,520856.9006602863,498459.9685970623,580865.3522464618
2013-06-14,38,429775.90668839216,411295.47228825645,479290.82461829006
2013-06-14,39,1647209.2401614413,1576378.97296321,1836985.8867129642
2013-06-14,40,1003611.5364132634,960456.0759203319,1119238.6390163691
2013-06-14,41,1438430.0511740926,1376577.3233077526,1604153.0356954762
2013-06-14,42,569261.649785176,544783.3055791672,634846.8615922868
2013-06-14,43,614026.8068229579,587623.5535302042,684769.4577567154
2013-06-14,44,353005.98727519996,337826.67198746686,393676.1649577457
2013-06-14,45,808086.2604106158,773338.4188197723,901186.6977357834
2013-06-21,1,1579991.161058396,1512051.282274301,1762023.5445686548
2013-06-21,2,1978790.277949474,1893701.9718016244,2206768.7120318385
2013-06-21,3,425006.33073536144,406730.9888826317,473971.7409841646
2013-06-21,4,2146632.521687116,2054326.971560036,2393948.2308342387
2013-06-21,5,336635.186103766,322159.81794852234,375419.2671861179
2013-06-21,6,1675563.6048742256,1603514.0953478941,1868606.9865308548
2013-06-21,7,633693.4511254507,606444.528905596,706701.9160879607
2013-06-21,8,942595.5874403219,902063.8227498032,1051192.9807023674
2013-06-21,9,577056.3702907194,552242.8518259206,643539.6197498066
2013-06-21,10,1785816.9072674932,1709026.4876748503,1991562.6836711157
2013-06-21,11,1355811.5961113654,1297511.4753485555,1512016.0246637845
2013-06-21,12,1003270.7698730524,960129.9623971796,1118858.6124175806
2013-06-21,13,2125873.718086256,2034460.7999150413,2370797.784424596
2013-06-21,14,1593175.1467441411,1524668.3544155546,1776726.470611594
2013-06-21,15,656713.0912736877,628474.3207560254,732373.672315711
2013-06-21,16,562270.2119643509,538092.5007300831,627049.9331319849
2013-06-21,17,990481.6863541557,947890.8115649008,1104596.0856204967
2013-06-21,18,1147690.3306297348,1098339.458380279,1279916.8971861321
2013-06-21,19,1447092.2149318263,1384867.0126047342,1613813.1761217124
2013-06-21,20,2141584.622572869,2049496.1329347265,2388318.7581453207
2013-06-21,21,720215.2041563927,689245.8323808761,803191.9280040715
2013-06-21,22,1097807.5040391537,1050601.6015056688,1224287.019571272
2013-06-21,23,1566301.8689641953,1498950.6319829423,1746757.0952536464
2013-06-21,24,1437874.7617856408,1376045.9114539803,1603533.7708536112
2013-06-21,25,745008.6391481461,712973.1456059401,830841.8397775887
2013-06-21,26,1062932.3260661056,1017226.0618992528,1185393.8369863972
2013-06-21,27,1819725.253760743,1741476.7697135007,2029377.6451412006
2013-06-21,28,1231891.9798128838,1178920.4228533364,1373819.5037379514
2013-06-21,29,582531.5960271312,557482.6419586305,649645.6517942664
2013-06-21,30,423673.27071240963,405455.25065906934,472485.0977644703
2013-06-21,31,1418166.8602636252,1357185.4529262644,1581555.3020167537
2013-06-21,32,1224786.3077444271,1172120.2958479845,1365895.179986534
2013-06-21,33,270660.3198984197,259021.88179902872,301843.36975785973
2013-06-21,34,1002645.6190340967,959531.6931467209,1118161.4373166712
2013-06-21,35,990858.8390392524,948251.7466227474,1105016.6904488127
2013-06-21,36,295141.05745568854,282449.943630522,329144.557908443
2013-06-21,37,510157.38806560147,488220.5367969085,568933.137958241
2013-06-21,38,419547.2678355527,401506.6665819028,467883.7339130993
2013-06-21,39,1618987.9877377492,1549371.2390173788,1805513.2351859454
2013-06-21,40,1030815.1087678974,986489.8902068067,1149576.3625218174
2013-06-21,41,1436773.1664640955,1374991.6849117416,1602305.2596182385
2013-06-21,42,541086.5399365684,517819.7300701319,603425.6687732087
2013-06-21,43,604031.3508980352,578057.9038476634,673622.4152209748
2013-06-21,44,352031.37491015764,336893.9681137974,392589.2665140342
2013-06-21,45,808763.2508978657,773986.2986051554,901941.6849834237
2013-06-28,1,1579972.9050023253,1512033.8112316323,1762003.1852138555
2013-06-28,2,1968574.3453002889,1883925.3259300862,2195375.791424907
2013-06-28,3,426183.78453946626,407857.81198025134,475284.85043478
2013-06-28,4,2116763.587899141,2025742.4068185345,2360638.0669024866
2013-06-28,5,337039.8781799305,322547.10819910886,375870.5842466668
2013-06-28,6,1687750.481989962,1615176.9347510112,1882197.9261145345
2013-06-28,7,647835.4722079802,619978.4407646123,722473.2537570342
2013-06-28,8,931174.928507607,891134.2540223039,1038456.5360753911
2013-06-28,9,566071.6330456187,541730.4600820487,631289.3197900257
2013-06-28,10,1770812.1640777574,1694666.9509005821,1974829.2288062098
2013-06-28,11,1332345.0441949687,1275053.9890092171,1485845.8675099716
2013-06-28,12,984069.6429648972,941754.4870919005,1097445.3042116305
2013-06-28,13,2103098.1958512943,2012664.628867621,2345398.2711824034
2013-06-28,14,1552806.4302923598,1486035.4993850272,1731706.8334103287
2013-06-28,15,629871.3762203661,602786.8038476215,702439.4960581216
2013-06-28,16,559814.6832559982,535742.5601584922,624311.5004716506
2013-06-28,17,996017.4904537131,953188.5751812162,1110769.6753227364
2013-06-28,18,1150911.9325293796,1101422.5308704264,1283509.6631067963
2013-06-28,19,1407239.4714025925,1346727.94357655,1569368.957606511
2013-06-28,20,2138907.5765577145,2046934.2003368186,2385333.2869446864
2013-06-28,21,709536.886329593,679026.683970116,791283.3503544318
2013-06-28,22,1069115.631884142,1023143.4845540689,1192289.5277365593
2013-06-28,23,1529343.9198062278,1463581.88069379,1705541.1833040584
2013-06-28,24,1440752.534826789,1378799.939782878,1606743.0950444068
2013-06-28,25,740760.2493772383,708907.4372912183,826103.9887140235
2013-06-28,26,1063627.7111342668,1017891.5452955543,1186169.3380732643
2013-06-28,27,1819488.5397012387,1741250.2343973373,2029113.6590149128
2013-06-28,28,1211705.959572459,1159602.404790436,1351307.8316404053
2013-06-28,29,569113.7781326082,544641.7924318864,634681.9534967097
2013-06-28,30,420649.1901525367,402561.20605872263,469112.6098173865
2013-06-28,31,1396301.0242939594,1336259.8514856936,1557170.2809167507
2013-06-28,32,1213201.6753714695,1161033.8045650376,1352975.8703730234
2013-06-28,33,263641.8290732931,252305.18722926022,294016.27148920356
2013-06-28,34,977103.9434818386,935088.3138278421,1089677.0794290835
2013-06-28,35,985301.5203555763,942933.3935529552,1098819.1074454058
2013-06-28,36,288440.9295512639,276037.9223237062,321672.50147534924
2013-06-28,37,519172.52539542766,496848.02174455294,578986.9183996662
2013-06-28,38,419017.70890331315,400999.87877051014,467293.16395939287
2013-06-28,39,1593876.7028521467,1525339.743495976,1777508.8537100623
2013-06-28,40,1015416.9526916491,971753.8573646011,1132404.1692728898
2013-06-28,41,1421632.0301662036,1360501.6199553143,1585419.6976569064
2013-06-28,42,527430.2252448674,504750.6391475627,588195.9962206756
2013-06-28,43,594700.869648058,569128.6348200989,663216.9597666524
2013-06-28,44,352343.4980275184,337192.6698859748,392937.3496521863
2013-06-28,45,785230.727579223,751465.6776446762,875697.955795228
2013-07-05,1,1662659.5236866642,1591164.891765544,1854216.213067111
2013-07-05,2,2018798.9877431397,1931990.300519317,2251386.8658429207
2013-07-05,3,419562.0364973839,401520.8001888557,467900.204087433
2013-07-05,4,2148950.3294362305,2056545.1131961993,2396533.075563995
2013-07-05,5,338542.3557168017,323984.9789557355,377546.1637438199
2013-07-05,6,1769712.1843874366,1693614.2705171609,1973602.519340573
2013-07-05,7,689931.6852226199,660264.5097227698,769419.4141515549
2013-07-05,8,948261.7305298755,907486.3207581907,1057511.9258817823
2013-07-05,9,573335.1022790679,548681.5989484458,639389.6206777941
2013-07-05,10,1813100.5606265308,1735136.9394694194,2021989.7143946737
2013-07-05,11,1394226.1084790367,1334274.1573907575,1554856.311947176
2013-07-05,12,1004859.7442559245,961650.6106212578,1120630.6541500555
2013-07-05,13,2154310.472993591,2061674.7697024117,2402510.766694881
2013-07-05,14,1643289.4202331875,1572627.7059340766,1832614.4603567396
2013-07-05,15,645855.9402311996,618084.0289871508,720265.6578942969
2013-07-05,16,585856.7955082048,560664.8573172324,653353.9508787463
2013-07-05,17,1018996.7033381127,975179.6781467766,1136396.3466205962
2013-07-05,18,1166683.670285975,1116516.0813195184,1301098.478760213
2013-07-05,19,1466591.1614350681,1403527.5012137175,1635558.6160202378
2013-07-05,20,2249724.0342992702,2152985.5322398217,2508917.0211318564
2013-07-05,21,695339.6353201522,665439.9170800942,775450.4196625737
2013-07-05,22,1075403.2801305957,1029160.7628957853,1199301.5823121024
2013-07-05,23,1550060.4272484765,1483407.5749219235,1728644.4605717754
2013-07-05,24,1528208.5121461814,1462495.2957491458,1704274.9641763861
2013-07-05,25,748248.316835674,716073.5166221303,834454.7640159838
2013-07-05,26,1116309.7842218406,1068308.2806091704,1244920.9662119998
2013-07-05,27,1897075.3259299076,1815500.7761067064,2115639.29754491
2013-07-05,28,1355812.6149781232,1297512.450403876,1512017.1609152146
2013-07-05,29,571124.4046693987,546565.961698183,636924.2263552402
2013-07-05,30,426885.7236750218,408529.56761797547,476067.66068979085
2013-07-05,31,1432889.1265088576,1371274.6593109225,1597973.7354819959
2013-07-05,32,1221935.3490292376,1169391.9288246362,1362715.7594273759
2013-07-05,33,275359.5297094021,263519.02481824165,307083.9802953721
2013-07-05,34,998926.8802145503,955972.8607056763,1114014.2588275503
2013-07-05,35,1021144.6603114957,977235.2726183927,1138791.771894549
2013-07-05,36,293402.1236055425,280785.7842208313,327205.27972643584
2013-07-05,37,522931.0115774195,500444.8924049458,583178.4235851568
2013-07-05,38,445836.3251227554,426665.290098676,497201.5801430335
2013-07-05,39,1650831.364019797,1579845.3449022241,1841025.319133264
2013-07-05,40,1091635.7826919896,1044695.2651875797,1217404.247950616
2013-07-05,41,1459123.7930931302,1396381.2309339028,1627230.9246009726
2013-07-05,42,572138.9880133595,547536.9177921287,638055.7008748752
2013-07-05,43,614427.449237725,588006.9682554969,685216.2585902716
2013-07-05,44,359430.40191826806,343974.83574833605,400840.7429251153
2013-07-05,45,804855.797730482,770246.8665641486,897584.0501751268
2013-07-12,1,1554412.6414709496,1487572.6432197832,1733498.0978072311
2013-07-12,2,1917121.3464603652,1834684.814470105,2137994.8404239677
2013-07-12,3,418441.5671948283,400448.5112498826,466650.64438056294
2013-07-12,4,2090447.2030829699,2000557.6308610158,2331289.7447112664
2013-07-12,5,324359.5888877185,310412.073423943,361729.38596942305
2013-07-12,6,1638895.8919476327,1568423.1000846163,1827714.7492231086
2013-07-12,7,642627.5196430178,614994.4310131905,716665.2876970763
2013-07-12,8,922304.9157872299,882645.6533021256,1028564.6001968016
2013-07-12,9,549052.2535126838,525442.916657408,612309.1202863193
2013-07-12,10,1797771.4694791334,1720467.0017528087,2004894.5431150699
2013-07-12,11,1331838.6224296077,1274569.3434627366,1485281.100379597
2013-07-12,12,972888.1410791918,931053.7916192071,1084975.570157515
2013-07-12,13,2068168.9263445772,1979237.3236723458,2306444.765123426
2013-07-12,14,1496798.1511867817,1432435.5854571313,1669245.7836860423
2013-07-12,15,602852.9154004499,576930.1412695438,672308.2109749777
2013-07-12,16,551255.3078769345,527551.2393230575,614765.9907774011
2013-07-12,17,973428.7096054045,931571.1156102284,1085578.418131678
2013-07-12,18,1100844.3814902324,1053507.892728803,1227673.7787523714
2013-07-12,19,1356707.638008501,1298368.9872973107,1513015.3004563246
2013-07-12,20,2142954.0507907383,2050806.6755148666,2389845.9595765397
2013-07-12,21,680017.1935885274,650776.3428532886,758362.6638846752
2013-07-12,22,1010373.8145541358,966927.5749932458,1126780.0060776616
2013-07-12,23,1466322.2417052633,1403270.1450763529,1635258.7137757228
2013-07-12,24,1428743.5609842213,1367307.3537830363,1593350.5551503615
2013-07-12,25,724550.1317826055,693394.3574089468,808026.2870369862
2013-07-12,26,1068567.7500746595,1022619.1617521566,1191678.5239083464
2013-07-12,27,1759022.8430501616,1683384.5726086819,1961681.6481506403
2013-07-12,28,1218592.838992972,1166193.1472675516,1358988.1554210903
2013-07-12,29,535964.0411042058,512917.49952680786,597713.0016570193
2013-07-12,30,417163.1372998144,399225.05404980644,465224.92528123205
2013-07-12,31,1391201.1636859647,1331379.2857193807,1551482.8601977099
2013-07-12,32,1187140.8615024518,1136093.6099620732,1323912.5637168835
2013-07-12,33,280528.646751055,268465.86898021883,312848.6365520072
2013-07-12,34,972878.0431191896,931044.1278731393,1084964.3088013032
2013-07-12,35,952606.4187062656,911644.1866311821,1062357.1699877558
2013-07-12,36,288920.4398555071,276496.81360630615,322207.25664788694
2013-07-12,37,516770.9039852979,494549.67044852953,576308.6037520361
2013-07-12,38,424011.98263397417,405779.3979125136,472862.8330299151
2013-07-12,39,1569169.7953469448,1501695.2370613655,1749955.4383425463
2013-07-12,40,1005182.9966595524,961959.9631185696,1120991.148790829
2013-07-12,41,1408418.6741435567,1347856.4404064575,1570684.0174907746
2013-07-12,42,576310.9569010839,551529.4913341646,642708.3265278277
2013-07-12,43,605919.7353980169,579865.0875047615,675728.3624137029
2013-07-12,44,349466.06272939127,334438.9647770931,389728.4021161276
2013-07-12,45,756054.7555800725,723544.2772215481,843160.5904825375
2013-07-19,1,1533681.9798064302,1467733.4034032556,1710379.0355949458
2013-07-19,2,1898502.1698158877,1816866.2654718217,2117230.529561573
2013-07-19,3,420803.8986637941,402709.2620786492,469285.1424530742
2013-07-19,4,2113293.075175805,2022421.126710895,2356767.7128897803
2013-07-19,5,322388.6308759195,308525.8669295642,359531.35188686545
2013-07-19,6,1616428.8768254286,1546922.170293561,1802659.2865109092
2013-07-19,7,634947.7606716207,607644.9029357804,708100.7359086034
2013-07-19,8,915398.3344643982,876036.0561077187,1020862.3046376571
2013-07-19,9,533721.4308752591,510771.321905125,595212.0180299669
2013-07-19,10,1839595.2372519323,1760492.3406591609,2051536.869575224
2013-07-19,11,1336715.898998399,1279236.896339999,1490720.292926615
2013-07-19,12,956639.047378439,915503.4116097644,1066854.401897656
2013-07-19,13,2074911.1242338368,1985689.6059477562,2313963.738466959
2013-07-19,14,1484033.4643695718,1420219.7822643698,1655010.4643593808
2013-07-19,15,594642.845605258,569073.1058206457,663152.2507150548
2013-07-19,16,543889.1746304223,520501.8510129791,606551.1978515408
2013-07-19,17,950588.5437849987,909713.0806621291,1060106.8136510248
2013-07-19,18,1091517.8272883096,1044582.3818855832,1217272.7027852912
2013-07-19,19,1341127.3441493413,1283458.6486266996,1495639.9851458594
2013-07-19,20,2058303.1512548537,1969795.7785278442,2295442.3440833823
2013-07-19,21,685633.9343817153,656151.5628721481,764626.5150790747
2013-07-19,22,1005384.8693922006,962153.15529064,1121216.2794856704
2013-07-19,23,1449296.0194404153,1386976.0531583924,1616270.8831820223
2013-07-19,24,1417660.4522818034,1356700.8205706286,1580990.550257934
2013-07-19,25,705993.7116824153,675635.8664132645,787331.9629639708
2013-07-19,26,1061574.8874725495,1015926.9933876161,1183880.0065162634
2013-07-19,27,1733708.3607616783,1659158.6172060133,1933450.6586930829
2013-07-19,28,1196811.1244895058,1145348.0500563518,1334696.9475066927
2013-07-19,29,523672.9949053915,501154.97032825183,584005.8915645904
2013-07-19,30,420739.0071413121,402647.16090226546,469212.774712498
2013-07-19,31,1392257.4779144563,1332390.1782629855,1552660.8734593906
2013-07-19,32,1194779.1838534735,1143403.483200573,1332430.9049299378
2013-07-19,33,266661.53360151564,255195.04396803453,297383.879237594
2013-07-19,34,967870.7113521011,926252.1121924141,1079380.0772647378
2013-07-19,35,952986.2210400194,912007.6574023594,1062780.729733437
2013-07-19,36,290014.60495626007,277543.9294284637,323427.48161919665
2013-07-19,37,515293.29979210114,493135.6034777242,574660.7632816995
2013-07-19,38,434268.4063972773,415594.7937736288,484300.90977327334
2013-07-19,39,1614585.572662491,1545158.1285116281,1800603.6134065597
2013-07-19,40,993455.6100571663,950736.8560614479,1107912.6380883886
2013-07-19,41,1416656.725392993,1355740.2541024832,1579871.1829766538
2013-07-19,42,537234.4563940747,514133.2867510734,599129.782780421
2013-07-19,43,592252.5278273901,566785.5720988449,660486.5420026195
2013-07-19,44,348914.4086278822,333911.0318923294,389113.1913862994
2013-07-19,45,739792.5658986203,707981.3643607217,825024.8174407659
2013-07-26,1,1506764.0163037442,1441972.9167413022,1680359.8262268375
2013-07-26,2,1867271.924832454,1786978.9261392972,2082402.2163913937
2013-07-26,3,400636.6755908716,383409.2329019687,446794.4331637554
2013-07-26,4,2060706.932468108,1972096.196755104,2298123.0673672445
2013-07-26,5,314176.67145537096,300667.02310950944,350373.28429593286
2013-07-26,6,1578538.2752292953,1510660.8707738856,1760403.270290202
2013-07-26,7,630642.4768948642,603524.7470667826,703299.4360230948
2013-07-26,8,893236.5341056127,854827.2167952497,996147.2207912059
2013-07-26,9,523237.13883016404,500737.8561356678,583519.8200690515
2013-07-26,10,1819753.6377497967,1741503.9331863748,2029409.29927841
2013-07-26,11,1307635.80906842,1251407.255041359,1458289.8563534936
2013-07-26,12,943068.9004141851,902516.7831882448,1051720.8245438088
2013-07-26,13,2011498.496112328,1925003.7312247097,2243245.277169855
2013-07-26,14,1445556.7280835214,1383397.5519424735,1612100.7842768894
2013-07-26,15,579813.3591689204,554881.2897306664,646614.2441117872
2013-07-26,16,529277.647904079,506518.62232975493,590256.2623174302
2013-07-26,17,919054.3762781334,879534.887524474,1024939.5627353629
2013-07-26,18,1038225.7978100205,993581.9184059849,1157840.8445616732
2013-07-26,19,1307122.212256956,1250915.7429769335,1457717.0875326802
2013-07-26,20,2021403.7160049826,1934483.0250391536,2254291.6874885657
2013-07-26,21,680305.4189039874,651052.1744329623,758684.0959309413
2013-07-26,22,970939.692947591,929189.12707649,1082802.6393412743
2013-07-26,23,1420129.52344079,1359063.7212652573,1583744.0856083692
2013-07-26,24,1375511.172890103,1316363.967098318,1533985.209655251
2013-07-26,25,691281.839327136,661556.6069795886,770925.1208792811
2013-07-26,26,1053215.8767364267,1007927.421482649,1174557.945678604
2013-07-26,27,1681533.3165639848,1609227.1084569432,1875264.4747566727
2013-07-26,28,1184689.5269272444,1133747.6831752153,1321178.8084000265
2013-07-26,29,505043.30852477864,483326.36351420864,563229.8601287054
2013-07-26,30,419485.0415862249,401447.11607149104,467814.3385144995
2013-07-26,31,1355320.6000896958,1297041.5922362602,1511468.4604926712
2013-07-26,32,1187041.4732630132,1135998.4954332137,1323801.7248576162
2013-07-26,33,264558.4984889533,253182.4397098641,295038.55131759023
2013-07-26,34,954075.4621842515,913050.0609989332,1063995.463454203
2013-07-26,35,935101.7396389456,894892.211631644,1042835.7590982958
2013-07-26,36,280278.0843101138,268226.0807652891,312569.20655821706
2013-07-26,37,519595.1196366663,497252.4443641824,579458.2001518772
2013-07-26,38,420293.0757351509,402220.40461962856,468715.4670969337
2013-07-26,39,1587578.6648339462,1519312.5221444,1770485.212346636
2013-07-26,40,981040.264108784,938855.3720229199,1094066.907546225
2013-07-26,41,1422696.6576932175,1361520.4683242429,1586606.9820006604
2013-07-26,42,530906.3550505697,508077.2948021065,592072.6144655027
2013-07-26,43,581713.8963713484,556700.1035220146,648733.7441321312
2013-07-26,44,341093.82896124816,326426.73843264894,380391.59480752284
2013-07-26,45,721160.028667663,690150.0292833659,804245.6067051779
2013-08-02,1,1587143.8609225147,1518896.4148723965,1770000.3142357506
2013-08-02,2,1945889.36327222,1862215.8018458288,2170077.249618636
2013-08-02,3,411691.27149500366,393988.47937108827,459122.64026949945
2013-08-02,4,2115904.7796088313,2024920.5274254114,2359680.3144383635
2013-08-02,5,320919.17082314024,307119.5938998041,357892.59385162074
2013-08-02,6,1616575.1776810484,1547062.1801884198,1802822.4428364292
2013-08-02,7,625234.7622078008,598349.5649972383,697268.6930444235
2013-08-02,8,920426.5165582824,880848.0255477714,1026469.7886883069
2013-08-02,9,539135.729456348,515952.8047601729,601250.1034397691
2013-08-02,10,1871301.7259890838,1790835.4451859677,2086896.2950248178
2013-08-02,11,1363936.2086185457,1305286.7281868274,1521076.6820149047
2013-08-02,12,962836.7368821222,921434.599449388,1073766.1334924712
2013-08-02,13,2063565.929719587,1974832.2566563643,2301311.452590608
2013-08-02,14,1515954.8770990465,1450768.5690166177,1690609.5754123502
2013-08-02,15,585085.2631000478,559926.5009290305,652493.5294396417
2013-08-02,16,545344.4360981658,521894.5359991862,608174.1214683729
2013-08-02,17,894938.3355950714,856455.8405418464,998045.088555605
2013-08-02,18,1084754.2432116542,1038109.6330323389,1209729.8793300302
2013-08-02,19,1348155.7355001832,1290184.8179979555,1503478.1245898358
2013-08-02,20,2090643.8403057335,2000745.8126509844,2331509.0367078213
2013-08-02,21,690839.1791076928,661132.9812221049,770431.4613271728
2013-08-02,22,1002849.8036647532,959727.0978048064,1118389.1462656343
2013-08-02,23,1464139.3059413,1401181.0759078823,1632824.2797692644
2013-08-02,24,1422058.568275464,1360909.8168559945,1585895.3776541725
2013-08-02,25,711629.6099174484,681029.4201008312,793617.1787485129
2013-08-02,26,1076415.4326429544,1030129.3926842861,1200430.345941562
2013-08-02,27,1710387.1281808633,1636840.2014470184,1907442.5632628333
2013-08-02,28,1280375.7437644303,1225319.3770116065,1427889.13128872
2013-08-02,29,515407.8483765131,493245.22645423934,574788.5091246546
2013-08-02,30,419916.5500776193,401860.0696270591,468295.5615366643
2013-08-02,31,1393602.2057472533,1333677.0825786581,1554160.5287491314
2013-08-02,32,1208308.966471722,1156351.4829495784,1347519.4675205536
2013-08-02,33,267670.10605750943,256160.24764318066,298508.6503487653
2013-08-02,34,978858.3045619137,936767.2370940475,1091633.5622278205
2013-08-02,35,956453.5589120926,915325.8991778605,1066647.543117048
2013-08-02,36,290658.8771321569,278160.49779524235,324145.98104566196
2013-08-02,37,523461.27629012504,500952.35564812884,583769.7806330122
2013-08-02,38,444917.71291731606,425786.1783685718,496177.13369408756
2013-08-02,39,1654479.895598242,1583336.9890250373,1845094.2017338579
2013-08-02,40,1021837.8454592656,977898.6506912402,1139564.8196059663
2013-08-02,41,1470938.9874954107,1407688.3700411373,1640407.3595289553
2013-08-02,42,551993.094208924,528257.3007218959,615588.7782206901
2013-08-02,43,598159.5011722952,572438.5446221475,667074.0637352663
2013-08-02,44,350194.398457619,335135.98194967984,390540.6501420141
2013-08-02,45,723513.6000642115,692402.3967242645,806870.3354484475
2013-08-09,1,1580186.5046550888,1512238.2260643316,1762241.393899168
2013-08-09,2,1924974.9609257262,1842200.7222267552,2146753.2777741244
2013-08-09,3,401186.77100175875,383935.67412006255,447407.9056246349
2013-08-09,4,2132392.597398638,2040699.366348967,2378067.710431602
2013-08-09,5,315882.5986098824,302299.5951168855,352275.75304743816
2013-08-09,6,1598113.7114477558,1529394.5600278017,1782234.0123615842
2013-08-09,7,620424.886900149,593746.5151158437,691904.6671261744
2013-08-09,8,942040.94837525,901533.0332553989,1050574.4411082978
2013-08-09,9,545288.433069729,521840.9411101475,608111.6662742522
2013-08-09,10,1850945.0436697411,1771354.1035415032,2064194.2986972192
2013-08-09,11,1369255.8672888721,1310377.640662781,1527009.2239538766
2013-08-09,12,982241.964022534,940005.3986434976,1095407.0565253592
2013-08-09,13,2069082.8318476453,1980111.931089052,2307463.9626060487
2013-08-09,14,1517875.387782975,1452606.4974264896,1692751.3500792484
2013-08-09,15,586181.151911918,560975.2663424448,653715.676712574
2013-08-09,16,533334.2918567689,510400.8299278569,594780.2763326627
2013-08-09,17,878160.0683473139,840399.0415346177,979333.7801278984
2013-08-09,18,1051219.2828698412,1006016.6814794396,1172331.3222084395
2013-08-09,19,1387660.304632349,1327990.6841851887,1547534.0551826928
2013-08-09,20,2115763.540149462,2024785.361285935,2359522.8026376874
2013-08-09,21,700250.8877238675,670139.9848258125,780927.5024349033
2013-08-09,22,995152.7247121306,952360.9945082011,1109805.2790433394
2013-08-09,23,1488427.4739030534,1424424.8486680172,1659910.7121859998
2013-08-09,24,1438716.6083943932,1376851.558520632,1604472.6074636485
2013-08-09,25,715593.737184602,684823.0892460325,798038.017137072
2013-08-09,26,1088177.9973542243,1041386.1651858462,1213548.0876584754
2013-08-09,27,1718160.132129577,1644278.9649524437,1916111.102876994
2013-08-09,28,1241364.460387735,1187985.5852115406,1384383.3184033297
2013-08-09,29,523806.5765975888,501282.8079857992,584154.8633389751
2013-08-09,30,422612.1765835853,404439.7837516293,471301.75390529353
2013-08-09,31,1398798.7132189646,1338650.1393777137,1559955.7311150413
2013-08-09,32,1233721.8624144008,1180671.6202031884,1375860.2089691816
2013-08-09,33,282434.67471692787,270289.93743128417,314974.25993221934
2013-08-09,34,995789.5106996188,952970.3985938992,1110515.4297900398
2013-08-09,35,965990.5515493811,924452.799569248,1077283.3023449813
2013-08-09,36,288509.6491150903,276103.68693502934,321749.13828979415
2013-08-09,37,516799.64797485474,494577.17844182614,576340.6593657713
2013-08-09,38,431698.0690471626,413134.9813506814,481434.4412511631
2013-08-09,39,1688887.9452184108,1616265.4868742798,1883466.4376347288
2013-08-09,40,994947.8661410956,952164.9448892837,1109576.8185086434
2013-08-09,41,1506790.9656848337,1441998.7072945896,1680389.8804734445
2013-08-09,42,551152.779994034,527453.1201559193,614651.6505531657
2013-08-09,43,610100.7801712969,583866.3466677871,680391.1095941872
2013-08-09,44,347529.35984167526,332585.5404308495,387568.56972522754
2013-08-09,45,728079.8858527864,696772.331475811,811962.7076521682
2013-08-16,1,1591565.9863996115,1523128.3882294772,1774931.9172723535
2013-08-16,2,1962225.168248547,1877849.1645317897,2188295.1192480386
2013-08-16,3,404469.3928716276,387077.14271171717,451068.7216881566
2013-08-16,4,2176516.1751214513,2082925.6230006926,2427274.810277731
2013-08-16,5,321933.8681624046,308090.6590872367,359024.1955000738
2013-08-16,6,1578018.714610513,1510163.6513468334,1759823.850565783
2013-08-16,7,603129.3511363942,577194.6902235525,672616.4951523194
2013-08-16,8,938072.5619410888,897735.288088069,1046148.852849782
2013-08-16,9,549787.9017251215,526146.9318761856,613129.5232751353
2013-08-16,10,1830657.4208904325,1751938.851865537,2041569.3183292765
2013-08-16,11,1391487.7199017138,1331653.5199709046,1551802.4308455952
2013-08-16,12,1001737.5741729353,958662.6943633594,1117148.775686451
2013-08-16,13,2099523.3886852805,2009243.538995426,2341411.6068585413
2013-08-16,14,1528598.8049001098,1462868.8058507114,1704710.2229541857
2013-08-16,15,585282.1133620932,560114.8865975569,652713.0590199503
2013-08-16,16,520569.66198982904,498185.08123649453,580545.0205175696
2013-08-16,17,878222.5601464076,840458.8461761118,979403.4716705219
2013-08-16,18,1086333.2591144298,1039620.7509925964,1211490.8152558205
2013-08-16,19,1391324.7109399415,1331497.520421195,1551620.6414560734
2013-08-16,20,2086342.5187563356,1996629.4486329197,2326712.1555419024
2013-08-16,21,727471.9644443584,696190.5507875445,811284.7470019454
2013-08-16,22,1006819.4972353785,963526.0939015183,1122816.1922571314
2013-08-16,23,1538324.1462808084,1472175.9559586842,1715556.0307752115
2013-08-16,24,1392572.2071392685,1332691.374079567,1553011.8629572757
2013-08-16,25,727849.9955223277,696552.3264672263,811706.3314236674
2013-08-16,26,1065087.4052180108,1019288.4722945476,1187797.20499228
2013-08-16,27,1726197.0806421915,1651970.3233622785,1925073.9963758579
2013-08-16,28,1213230.612507588,1161061.497399562,1353008.1413859315
2013-08-16,29,488511.8641221881,467505.7739293664,544793.8112563943
2013-08-16,30,419965.57297760685,401906.9845343155,468350.2324146604
2013-08-16,31,1414112.8827476623,1353305.7971076733,1577034.2616411268
2013-08-16,32,1253597.2217570734,1199692.3358378375,1398025.428611988
2013-08-16,33,270111.5018838133,258496.66304896623,301231.32186338154
2013-08-16,34,1003243.9362861798,960104.2826589388,1118828.6873059596
2013-08-16,35,967480.6509316544,925878.8244339525,1078945.0775877961
2013-08-16,36,294441.1392220355,281780.1219955874,328364.00138549163
2013-08-16,37,522476.5987926215,500010.0194443431,582671.6574427242
2013-08-16,38,421659.4129679029,403527.98912751774,470239.2214275067
2013-08-16,39,1735691.0386854392,1661056.0396542195,1935661.7629505415
2013-08-16,40,977733.4404876094,935690.7423592308,1090379.1014230931
2013-08-16,41,1534057.8075248569,1468093.0704682162,1710798.1628058385
2013-08-16,42,548433.6332197709,524850.8971384423,611619.2281222831
2013-08-16,43,609409.626300374,583204.9125265494,679620.3271850818
2013-08-16,44,346434.41999938706,331537.6831811697,386347.48075362487
2013-08-16,45,728540.1540763942,697212.8080903954,812476.0038444522
2013-08-23,1,1555493.0793346846,1488606.6220783636,1734703.014012629
2013-08-23,2,1950204.8870362109,1866345.7573809323,2174889.96925069
2013-08-23,3,413649.3019245334,395862.31417135336,461306.2573699281
2013-08-23,4,2115637.1297392133,2024664.3865440374,2359381.828355915
2013-08-23,5,327618.4118860649,313530.7664994498,365363.6612693062
2013-08-23,6,1556172.684340741,1489257.0039578162,1735460.917000438
2013-08-23,7,583255.216412793,558175.1465491542,650452.6412181894
2013-08-23,8,961624.9382208851,920274.9083291197,1072414.7222789133
2013-08-23,9,570036.9871686954,545525.3033281675,635711.5263818229
2013-08-23,10,1800626.3755319035,1723199.146377575,2008078.3657885732
2013-08-23,11,1391409.4322248646,1331578.5986769863,1551715.1235661258
2013-08-23,12,1027719.3726384724,983527.2712381383,1146123.9634943667
2013-08-23,13,2089836.207298114,1999972.9079950114,2330608.3554825904
2013-08-23,14,1515003.546222366,1449858.145523496,1689548.6407408782
2013-08-23,15,598951.659146334,573196.6396735191,667957.487032609
2013-08-23,16,530656.3792852705,507838.06803567,591793.83873885
2013-08-23,17,916825.849374229,877402.1876425492,1022454.284987509
2013-08-23,18,1127144.6533951263,1078677.2486328692,1257004.1316474709
2013-08-23,19,1474500.8868913804,1411097.1071795148,1644379.6289655003
2013-08-23,20,2080220.5236415444,1990770.7003110645,2319884.8391632647
2013-08-23,21,750327.1396344777,718062.9497000005,836773.0900970136
2013-08-23,22,1045722.8832739535,1000756.6279666802,1166201.6768426867
2013-08-23,23,1630703.1257399658,1560582.624166145,1818578.0861145726
2013-08-23,24,1346845.426479019,1288930.8524793766,1502016.8535379109
2013-08-23,25,742724.8867336325,710787.5949194103,828294.973932059
2013-08-23,26,1042671.0873606743,997836.0597776645,1162798.2804282322
2013-08-23,27,1741724.9957935945,1666830.535618148,1942390.8983745428
2013-08-23,28,1223258.615355563,1170658.2944821315,1364191.4806087262
2013-08-23,29,573015.5732237811,548375.8096948864,639033.2783560992
2013-08-23,30,420863.2496134648,402766.06092776026,469351.3312858283
2013-08-23,31,1403518.8923901587,1343167.3500712137,1565219.726914015
2013-08-23,32,1259959.1404625468,1205780.6909966676,1405120.3104214321
2013-08-23,33,259680.299182599,248514.00377290507,289598.32972347905
2013-08-23,34,969067.6806584806,927397.6116225134,1080714.9506184305
2013-08-23,35,970573.2983024702,928838.4874611378,1082394.0319976266
2013-08-23,36,280337.2367715925,268282.68966123293,312635.17403475335
2013-08-23,37,529775.9885765144,506995.5342716297,590812.0173239703
2013-08-23,38,415777.75415309466,397899.2426053705,463679.9307376337
2013-08-23,39,1740920.0966696518,1666060.247288406,1941493.2660064986
2013-08-23,40,965797.4038257503,924267.9572293778,1077067.901876292
2013-08-23,41,1492085.3246638807,1427925.4112468432,1663989.9876414263
2013-08-23,42,530107.6784847509,507312.96145946946,591181.9215628124
2013-08-23,43,593310.2626771317,567797.8241767532,661666.1395567646
2013-08-23,44,352196.06042496563,337051.5721244873,392772.9256139666
2013-08-23,45,731644.8575097127,700184.0087674208,815938.4033079693
2013-08-30,1,1589750.6403202333,1521391.1023289303,1772907.4233307152
2013-08-30,2,1978443.1929977043,1893369.8115596455,2206381.63907089
2013-08-30,3,413375.41543775925,395600.20484838285,461000.816143338
2013-08-30,4,2092779.523757238,2002789.6613641735,2333890.7744149966
2013-08-30,5,338563.1282487534,324004.85826540994,377569.3295002376
2013-08-30,6,1576300.921653964,1508519.7237688515,1757908.1489411574
2013-08-30,7,564481.3622275436,540208.5711696936,629515.8322587337
2013-08-30,8,980359.8414004007,938204.2076024745,1093308.0926477748
2013-08-30,9,573813.6164018046,549139.5368855073,639923.264897744
2013-08-30,10,1742415.824257445,1667491.658344871,1943161.3178860971
2013-08-30,11,1373832.312261859,1314757.2977521454,1532112.9257919453
2013-08-30,12,1034809.7822651577,990312.7920892156,1154031.2664026227
2013-08-30,13,2093131.4971340136,2003126.499828082,2334283.2990013524
2013-08-30,14,1506919.8830450966,1442122.08118724,1680533.6505334838
2013-08-30,15,600896.991044048,575058.3219809169,670126.9425904971
2013-08-30,16,526520.965455962,503880.47767854924,587181.9796896543
2013-08-30,17,902647.9274601797,863833.9186936504,1006642.9103157191
2013-08-30,18,1113433.0876208125,1065555.2824332917,1241712.8424790818
2013-08-30,19,1481613.7695569564,1417904.1347251285,1652311.9940542413
2013-08-30,20,2107923.719096168,2017282.6538223734,2350779.747852586
2013-08-30,21,731753.4100488591,700287.8935295991,816059.4622952048
2013-08-30,22,1031620.5256486917,987260.674029771,1150474.572298005
2013-08-30,23,1583564.6430025198,1515471.1039093642,1766008.7309904695
2013-08-30,24,1353750.0172180617,1295538.5446854236,1509716.9291760898
2013-08-30,25,725904.3842806183,694690.3768276705,809536.5643382787
2013-08-30,26,1048517.4142022013,1003430.9936071702,1169318.1685123614
2013-08-30,27,1712641.2073673639,1638997.3548592012,1909956.3371976668
2013-08-30,28,1233762.2929084029,1180710.3121793244,1375905.2975013873
2013-08-30,29,547744.961513486,524191.83842835645,610851.2138505202
2013-08-30,30,426236.6633611375,407908.4170039273,475343.8214791062
2013-08-30,31,1397030.8853407134,1336958.3283878602,1557984.2299946574
2013-08-30,32,1220491.2217758538,1168009.8992797472,1361105.2528090281
2013-08-30,33,254192.17214030024,243261.867092575,283477.91000060126
2013-08-30,34,969115.6514410387,927443.5196535621,1080768.4481634814
2013-08-30,35,981545.9137095056,939339.2786079672,1094630.8135500893
2013-08-30,36,278332.4195028839,266364.07986353897,310399.37973597005
2013-08-30,37,537497.9589111558,514385.4586167489,599423.6436896421
2013-08-30,38,426633.32387745794,408288.0210530589,475786.1816556588
2013-08-30,39,1724605.0628832602,1650446.7626278102,1923298.5606368824
2013-08-30,40,979024.7514247654,936926.5267145267,1091819.1856024906
2013-08-30,41,1438210.5948032844,1376367.3035968437,1603908.2955336955
2013-08-30,42,516545.19423676474,494333.66625616257,576056.8897545427
2013-08-30,43,591764.3609695234,566318.3964958456,659942.1329461391
2013-08-30,44,354056.07298860827,338831.6038431573,394847.2321108057
2013-08-30,45,740236.6221510896,708406.3261215826,825520.0338642804
2013-09-06,1,1633060.2609229889,1562838.4021501157,1821206.7892317695
2013-09-06,2,1934972.2040809859,1851768.0822884357,2157902.3134488207
2013-09-06,3,408799.18640941806,391220.7544180089,455897.35512911674
2013-09-06,4,2089371.920991655,1999528.5860757967,2330090.578280056
2013-09-06,5,345972.7487870792,331095.86390662915,385832.6199328902
2013-09-06,6,1598763.3896014183,1530016.3019144165,1782958.540593994
2013-09-06,7,566673.5474083702,542306.492028587,631960.5813167496
2013-09-06,8,944691.1289165339,904069.255599214,1053529.9516365796
2013-09-06,9,563342.3547909617,539118.5412394946,628245.5986206216
2013-09-06,10,1726853.427121719,1652598.4468356536,1925805.9611987167
2013-09-06,11,1304356.5751716122,1248269.0287393688,1454632.8185948443
2013-09-06,12,961023.6013536927,919699.4290457368,1071744.1047815974
2013-09-06,13,2103118.565350734,2012684.1224752478,2345420.987472525
2013-09-06,14,1673269.632320972,1601318.7639902644,1866048.7230740392
2013-09-06,15,591710.5873309583,566266.9351325488,659882.1639921574
2013-09-06,16,521041.63095126266,498636.7554552613,581071.3655015469
2013-09-06,17,1198240.0950555583,1146715.574653948,1336290.5512203954
2013-09-06,18,1103055.2316855532,1055623.6760035094,1230139.3432401246
2013-09-06,19,1484020.8953564018,1420207.7537208253,1654996.4472574608
2013-09-06,20,2112249.7075924035,2021422.6241045203,2355604.137869296
2013-09-06,21,643131.3621876885,615476.608245893,717227.1784521299
2013-09-06,22,1002628.231277776,959515.0530667707,1118142.0462993165
2013-09-06,23,1478933.801840398,1415339.406059456,1649323.2645400227
2013-09-06,24,1478027.7298870082,1414472.2953485087,1648312.8031182787
2013-09-06,25,692707.9071429232,662921.3536456565,772515.4874139174
2013-09-06,26,1079195.2033883,1032789.6328321568,1203530.376892698
2013-09-06,27,1809644.1910684612,1731829.1943686225,2018135.1329956427
2013-09-06,28,1359931.4269515797,1301454.1527876663,1516610.5053919142
2013-09-06,29,539021.8315843189,515843.8045153016,601123.0832784304
2013-09-06,30,422715.85037728003,404538.9995552097,471417.3720618676
2013-09-06,31,1378069.1335974247,1318811.9350761403,1536837.8756090042
2013-09-06,32,1160002.0418997856,1110121.7640486227,1293647.0531936055
2013-09-06,33,290084.44975201506,277610.77088655817,323505.3733046814
2013-09-06,34,986918.1163961336,944480.4756989129,1100621.9531547516
2013-09-06,35,1046062.8436402454,1001081.969981524,1166580.8043874418
2013-09-06,36,282613.1003206199,270460.69070478494,315173.2421306062
2013-09-06,37,532572.2310841061,509671.53789327125,593930.4177657802
2013-09-06,38,462161.64254015364,442288.6161924601,515407.7539312103
2013-09-06,39,1644393.3605093397,1573684.1765974897,1833845.5867113166
2013-09-06,40,1050348.792696728,1005183.6225263873,1171360.5419799516
2013-09-06,41,1430754.9280037656,1369232.231691207,1595593.6538034147
2013-09-06,42,591748.9432143508,566303.6417066714,659924.938895762
2013-09-06,43,637769.1224465966,610344.9456921932,711247.1496340596
2013-09-06,44,351056.39048926055,335960.9081827359,391501.9531495357
2013-09-06,45,751078.544763597,718782.0442854608,837611.0653728568
2013-09-13,1,1544459.5229942854,1478047.5104682895,1722398.2704600862
2013-09-13,2,1899937.913254351,1818240.2717072053,2118831.6864571837
2013-09-13,3,410201.26187682257,392562.5404106053,457460.9651325891
2013-09-13,4,2079904.5586653692,1990468.321880631,2319532.4715418494
2013-09-13,5,316677.3218844477,303060.14516044065,353162.0371961816
2013-09-13,6,1461483.9965926688,1398639.9452962761,1629863.0495385414
2013-09-13,7,521526.68269866257,499100.9498980543,581612.3005525254
2013-09-13,8,931900.0218588256,891828.1682406241,1039265.168166726
2013-09-13,9,545089.6869461397,521650.7411024342,607890.0224082691
2013-09-13,10,1696915.4597136292,1623947.8169310123,1892418.810213488
2013-09-13,11,1304120.185751508,1248042.804103058,1454369.1945099907
2013-09-13,12,940768.7737606051,900315.562357611,1049155.6979665293
2013-09-13,13,2004106.7576164147,1917929.8386951494,2235001.9289878504
2013-09-13,14,1458852.6122554077,1396121.7109166314,1626928.5007440043
2013-09-13,15,556377.231958204,532452.9198296795,620478.0169248413
2013-09-13,16,500908.5469054103,479369.3973218937,558618.7284312182
2013-09-13,17,998365.9514952822,955436.0520132367,1113388.7049418483
2013-09-13,18,1032840.351674054,988428.047336192,1151834.9357164474
2013-09-13,19,1396008.202781183,1335979.6213459412,1556843.7231406157
2013-09-13,20,2089973.2385864533,2000104.0469155016,2330761.1742845858
2013-09-13,21,653531.7112556887,625429.7406000233,728825.7622804553
2013-09-13,22,971240.4700665864,929476.9707300906,1083138.0692970864
2013-09-13,23,1421578.8935119216,1360450.7681858721,1585360.4390748132
2013-09-13,24,1294714.7678216593,1239041.820685134,1443880.168844936
2013-09-13,25,689216.0941401822,659579.6891741162,768621.3790950208
2013-09-13,26,1005931.1069492515,962675.9045432445,1121825.4496254618
2013-09-13,27,1591378.2204367104,1522948.6962337436,1774722.5186025037
2013-09-13,28,1175972.8428876705,1125405.817977445,1311457.866355005
2013-09-13,29,511050.50069603196,489075.24543790694,569929.147000289
2013-09-13,30,425522.13009311864,407224.60878349916,474546.9661088626
2013-09-13,31,1359031.8596643298,1300593.267041149,1515607.2980454904
2013-09-13,32,1189869.4033094184,1138704.8240243082,1326955.4635917123
2013-09-13,33,269989.2183728623,258379.63774902053,301094.949945159
2013-09-13,34,964743.8138245784,923259.6717708717,1075892.9267029224
2013-09-13,35,918244.6044703814,878759.9360371246,1024036.4962966677
2013-09-13,36,281963.5135545876,269839.03627611743,314448.81581468787
2013-09-13,37,528676.1097036399,505942.95037048793,589585.4202910601
2013-09-13,38,429029.08780724194,410580.7667413511,478457.96397669404
2013-09-13,39,1569188.6115394884,1501713.244154547,1749976.4223677095
2013-09-13,40,934646.5250235163,894456.5713192584,1042328.0987455121
2013-09-13,41,1377475.2100161943,1318243.5503062084,1536175.5254898418
2013-09-13,42,551034.8291838876,527340.2412499338,614520.1105106
2013-09-13,43,605074.2545830274,579055.9625033364,674785.4728968436
2013-09-13,44,358291.87163858913,342885.26245721494,399571.04141763673
2013-09-13,45,719075.1043760021,688154.7570778311,801920.476172113
2013-09-20,1,1526172.2142480947,1460546.5589942946,1702004.062332998
2013-09-20,2,1886128.4836442377,1805024.6498328012,2103431.258461255
2013-09-20,3,409751.62132877205,392132.23447978805,456959.521041138
2013-09-20,4,2064769.679288331,1975984.2447964353,2302653.8873675657
2013-09-20,5,315418.6654589405,301855.6111674428,351758.3696878262
2013-09-20,6,1463615.7392234732,1400680.022644701,1632240.3923990685
2013-09-20,7,506222.2194254441,484454.5810529981,564544.5945494534
2013-09-20,8,910501.5988967097,871349.8809716998,1015401.4112007507
2013-09-20,9,542025.0229228112,518717.85813420947,604472.2753357602
2013-09-20,10,1688274.1588992565,1615678.0934674093,1882781.936371469
2013-09-20,11,1308460.9412644824,1252196.906417805,1459210.0528664095
2013-09-20,12,936120.0985577017,895866.7809500503,1043971.4441805262
2013-09-20,13,1991678.674123046,1906036.1648281564,2221141.993395229
2013-09-20,14,1448989.8198548504,1386683.0202051732,1615929.4060317697
2013-09-20,15,548876.8595930059,525275.0647050119,612113.5190553354
2013-09-20,16,486242.0006198451,465333.51492950827,542262.4344786872
2013-09-20,17,945654.6239854537,904991.3202223156,1054604.4519492113
2013-09-20,18,1026144.91642634,982020.5169010794,1144368.1125858014
2013-09-20,19,1361959.0730991173,1303394.6098186593,1518871.7587078009
2013-09-20,20,2067245.6598884985,1978353.7578251422,2305415.128202906
2013-09-20,21,653850.8985287747,625735.2027680725,729181.7234428758
2013-09-20,22,957623.2284016244,916445.2726877091,1067951.9714143164
2013-09-20,23,1409500.562754834,1348891.8076301983,1571890.5515858098
2013-09-20,24,1295165.7042278922,1239473.3667520194,1444383.0580917043
2013-09-20,25,681931.3640487147,652608.2036700789,760497.3678642269
2013-09-20,26,988795.901869427,946277.5160892068,1102716.080196181
2013-09-20,27,1586738.2202152424,1518508.2167819953,1769547.939251342
2013-09-20,28,1167679.0101847225,1117468.6214395475,1302208.4927778018
2013-09-20,29,507961.9633582552,486119.51571166655,566484.7761445708
2013-09-20,30,428632.3743529911,410201.1120306288,478015.54476317845
2013-09-20,31,1366536.5124779767,1307775.218554281,1523976.5695182506
2013-09-20,32,1180288.9092736153,1129536.2928016693,1316271.1911250383
2013-09-20,33,261146.62302443193,249917.27544930336,291233.5902217348
2013-09-20,34,953097.4386566947,912114.0926432962,1062904.7608444854
2013-09-20,35,885754.6647164926,847667.0690156574,987803.3576444108
2013-09-20,36,277605.1650691368,265668.0974895931,309588.33758159756
2013-09-20,37,531209.302809526,508367.21575779404,592410.4651429062
2013-09-20,38,420853.7236537209,402756.94458584604,469340.70783060463
2013-09-20,39,1586312.145137982,1518100.4630028633,1769072.7756324622
2013-09-20,40,928392.2577654773,888471.2385779859,1035353.2710159016
2013-09-20,41,1346910.0005950758,1288992.6498978634,1502088.8673033458
2013-09-20,42,529990.7955511165,507201.10451113083,591051.5724278943
2013-09-20,43,596071.773552637,570440.5896321783,664745.8068999434
2013-09-20,44,353370.4991324848,338175.50977516844,394082.6725956619
2013-09-20,45,718889.9929517172,687977.6054751183,801714.0378729645
2013-09-27,1,1486564.0652180896,1422641.5668617992,1657832.618297259
2013-09-27,2,1835516.834687116,1756589.3100728188,2046988.5901161025
2013-09-27,3,396944.4958917637,379875.8175348324,442676.8736982654
2013-09-27,4,2015952.3363781702,1929266.0556294236,2248212.248888168
2013-09-27,5,312611.6812155437,299169.32770639565,348627.9899439388
2013-09-27,6,1427077.8699557672,1365713.287741705,1591492.9581697893
2013-09-27,7,496106.39367105474,474773.73746337846,553263.3142541586
2013-09-27,8,910911.6370081232,871742.2873771437,1015858.6902186897
2013-09-27,9,528737.0615341106,506001.2812622623,589653.3944437143
2013-09-27,10,1682326.9951247685,1609986.6587095805,1876149.5938291005
2013-09-27,11,1252193.6059246154,1198349.0757161372,1396460.1007764426
2013-09-27,12,902220.5250163439,863424.8946249232,1006166.2664030149
2013-09-27,13,1969518.1447274284,1884828.541827231,2196428.326940901
2013-09-27,14,1421082.7298722686,1359975.9396640135,1584807.1119192094
2013-09-27,15,548193.497291066,524621.0870940145,611351.4258897748
2013-09-27,16,464139.8717291651,444181.78120224,517613.89691067877
2013-09-27,17,955387.6060024217,914305.7824179464,1065458.7806919573
2013-09-27,18,1031747.0387967068,987381.7470916942,1150615.661154066
2013-09-27,19,1339375.0616757306,1281781.7145865401,1493685.820431945
2013-09-27,20,2043467.4572631498,1955598.0218083963,2278897.414746001
2013-09-27,21,633726.2645943188,606475.9313899268,706738.5100298445
2013-09-27,22,967123.2450996067,925536.7871112386,1078546.4946674888
2013-09-27,23,1368570.9775377763,1309722.2012831916,1526245.4273601945
2013-09-27,24,1289978.9548825053,1234509.6484782577,1438598.738095746
2013-09-27,25,680682.3294029485,651412.8777187169,759104.4306706113
2013-09-27,26,984558.6121757708,942222.4305465962,1097990.6080610212
2013-09-27,27,1564654.7928199875,1497374.3803827849,1744920.2577970068
2013-09-27,28,1154685.0239732591,1105033.3787640529,1287717.456241204
2013-09-27,29,500282.0292187027,478769.81999836036,557920.0290066417
2013-09-27,30,422566.7749917838,404396.33443571365,471251.12155007105
2013-09-27,31,1321000.321714479,1264197.0914540566,1473194.1080508684
2013-09-27,32,1171578.349532317,1121200.2885563455,1306557.0789649053
2013-09-27,33,258471.7496147775,247357.4220345032,288250.5419346833
2013-09-27,34,942733.5229837233,902195.8270422396,1051346.8079395674
2013-09-27,35,891768.5702046198,853422.3755825041,994510.1312809116
2013-09-27,36,267896.23247580894,256376.65058844574,298760.8290209712
2013-09-27,37,534024.6829401526,511061.5340815446,595550.2080727032
2013-09-27,38,417038.6728930257,399105.9416329013,465086.12120395125
2013-09-27,39,1543890.53481363,1477502.9888726226,1721763.7285742792
2013-09-27,40,931756.593367613,891690.9071980324,1039105.2151336286
2013-09-27,41,1346465.1804539033,1288566.9570956386,1501592.7989827362
2013-09-27,42,524623.868832459,502064.9565206685,585066.3166408213
2013-09-27,43,586666.9749778969,561440.1989369916,654257.471946527
2013-09-27,44,360586.1546780645,345080.89095010795,402129.6511321064
2013-09-27,45,707117.4900705778,676711.3221466213,788585.2129995554
2013-10-04,1,1573400.1100402777,1505743.6475298095,1754673.1318805243
2013-10-04,2,1926789.5199455197,1843937.2549114085,2148776.893978245
2013-10-04,3,417023.6488580437,399091.56363388506,465069.3662346672
2013-10-04,4,2084092.5804907065,1994476.2580813323,2324202.999607632
2013-10-04,5,323676.8292324812,309758.6725457412,360967.9648821026
2013-10-04,6,1480503.7076249616,1416841.8056380772,1651074.0407616459
2013-10-04,7,484287.6770996248,463463.22764084494,540082.9513643478
2013-10-04,8,941665.7356125823,901173.9547029991,1050155.9997028408
2013-10-04,9,561910.6352630492,537748.3858858487,626648.9292343761
2013-10-04,10,1703338.7395195095,1630094.8946528789,1899582.1225979268
2013-10-04,11,1320219.3886739868,1263449.7386622499,1472323.2029230464
2013-10-04,12,932914.860345513,892799.3685061174,1040396.9272243399
2013-10-04,13,2004712.7481781181,1918509.7715634168,2235677.7363365404
2013-10-04,14,1482656.4440564548,1418901.9740503216,1653474.7961399232
2013-10-04,15,550778.1793463468,527094.6273974556,614233.8917850765
2013-10-04,16,461959.19432090136,442094.8732798039,515181.9814473696
2013-10-04,17,941213.3814674944,900741.0518602616,1049651.5293780866
2013-10-04,18,1068787.7242723047,1022829.6770232634,1191923.841556319
2013-10-04,19,1350366.8512072223,1292300.855367333,1505943.9851791817
2013-10-04,20,2128529.497610767,2037002.3804848872,2373759.5390006383
2013-10-04,21,629651.7065209036,602576.5799812257,702194.517989876
2013-10-04,22,975453.1583884542,933508.5127639304,1087836.1057114725
2013-10-04,23,1405864.990278871,1345412.5653663373,1567836.1211190335
2013-10-04,24,1351705.5699952655,1293582.0090281605,1507436.9391160305
2013-10-04,25,683088.5495686978,653715.6300231147,761787.8739011583
2013-10-04,26,1033347.588083939,988913.4724973487,1152400.6113473675
2013-10-04,27,1577871.6516684717,1510022.912135394,1759659.8443530921
2013-10-04,28,1283446.4743302418,1228258.0656599936,1431313.643836222
2013-10-04,29,508591.96225534286,486722.4245529633,567187.3578533046
2013-10-04,30,432846.7228544135,414234.2428560303,482715.4326280887
2013-10-04,31,1351387.9955039616,1293278.0902920128,1507082.7765456163
2013-10-04,32,1186788.0905016395,1135756.0081720923,1323519.1496114174
2013-10-04,33,268453.4167781742,256909.87587452278,299382.20709170296
2013-10-04,34,957946.2220352156,916754.3775421381,1068312.1774718948
2013-10-04,35,907381.3543744491,868363.8074751031,1011921.6801436786
2013-10-04,36,270404.11618383956,258776.69488615077,301557.6485535754
2013-10-04,37,542026.4366259674,518719.21104789834,604473.8519130902
2013-10-04,38,441832.7663113192,422833.88497205643,492736.7672619979
2013-10-04,39,1568874.6270675212,1501412.7610663162,1749626.2634263996
2013-10-04,40,989296.2052772287,946756.3063685056,1103274.0240668189
2013-10-04,41,1378442.8846058166,1319169.6147299376,1537254.6868499934
2013-10-04,42,561789.8983894835,537632.8407176273,626514.2821431999
2013-10-04,43,612567.5569133216,586227.0516057592,683142.0861855564
2013-10-04,44,352803.86651528697,337633.24245334463,393450.75766016677
2013-10-04,45,711310.1320935613,680723.6798757131,793260.8935606392
2013-10-11,1,1535882.5328323997,1469839.33228858,1712833.116566027
2013-10-11,2,1891176.4483197494,1809855.5512002304,2109060.804264818
2013-10-11,3,405161.3281088979,387739.32462042134,451840.3754856185
2013-10-11,4,2058950.4338048096,1970415.2278221042,2296164.2007121537
2013-10-11,5,317401.4400111564,303753.12608906464,353969.58170640207
2013-10-11,6,1461572.5748681056,1398724.7146913568,1629961.8330068947
2013-10-11,7,483369.19730910857,462584.2426318004,539058.6525859825
2013-10-11,8,923615.0995858649,883899.4989827648,1030025.7315991829
2013-10-11,9,544587.2293647178,521169.8892793339,607329.6761794843
2013-10-11,10,1693940.1172130983,1621100.414645471,1889100.6754869751
2013-10-11,11,1275885.9825998724,1221022.6763127067,1422882.1001885324
2013-10-11,12,917328.3786624986,877883.108089091,1023014.7111845601
2013-10-11,13,1989367.3575455886,1903824.2352422052,2218564.3876915975
2013-10-11,14,1467490.2520982176,1404387.9308310486,1636561.2918302151
2013-10-11,15,542742.2997613812,519404.29195120564,605272.1903660997
2013-10-11,16,470629.006211984,450391.8818391473,524850.6511561518
2013-10-11,17,923121.9533472062,883427.5581131633,1029475.7694824012
2013-10-11,18,1074138.039399132,1027949.9277230657,1197890.5719132258
2013-10-11,19,1322625.7617368242,1265752.6372891362,1475006.8166661102
2013-10-11,20,2096880.1173172214,2006713.928729255,2338463.8015163364
2013-10-11,21,632066.9232718945,604887.9420162257,704887.9943113712
2013-10-11,22,978744.7397852208,936658.5556213583,1091506.9135380692
2013-10-11,23,1382711.0708807837,1323254.268295801,1542014.615192921
2013-10-11,24,1354559.4755377434,1296313.196164741,1510619.6460094363
2013-10-11,25,684745.0655243378,655300.9155212662,763635.2387394756
2013-10-11,26,1012577.8141073072,969036.8022045376,1129237.930653838
2013-10-11,27,1608700.8133961852,1539526.4148579058,1794040.8650590288
2013-10-11,28,1185427.5656007566,1134453.9860648494,1322001.8772573608
2013-10-11,29,507833.7682064407,485996.832972383,566341.8114993474
2013-10-11,30,429687.42826238915,411210.79844906746,479192.152503125
2013-10-11,31,1369035.4433312758,1310166.6949714746,1526763.4047286531
2013-10-11,32,1179640.5775901808,1128915.8394868423,1315548.1644910562
2013-10-11,33,279155.8244368101,267152.0782504034,311317.6499871277
2013-10-11,34,953756.7669485677,912745.0697105974,1063640.0510173128
2013-10-11,35,913465.4242751187,874186.2613732575,1018706.7019058256
2013-10-11,36,279587.95841332106,267565.6303951255,311799.57055718347
2013-10-11,37,533654.710694314,510707.47070289165,595137.610949332
2013-10-11,38,434163.7066727154,415494.5961543765,484184.1474872967
2013-10-11,39,1544221.0346158617,1477819.2771292108,1722132.3055937972
2013-10-11,40,956293.307708289,915172.5388020753,1066468.8292095864
2013-10-11,41,1386743.914567443,1327113.699043211,1546512.086889344
2013-10-11,42,570026.3345769667,545515.1087996284,635699.6464942012
2013-10-11,43,602580.5491147577,576669.4867787595,672004.4650933774
2013-10-11,44,352348.48517555883,337197.44258583244,392942.91137460864
2013-10-11,45,714047.7458744368,683343.5758154927,796313.9106006882
2013-10-18,1,1521238.7391833337,1455825.2241655965,1696502.1966043138
2013-10-18,2,1889468.834517403,1808221.3650711526,2107156.454545071
2013-10-18,3,415067.24946645286,397219.2897366602,462887.5680857119
2013-10-18,4,2062105.6310525504,1973434.751071259,2299682.911433645
2013-10-18,5,316668.00165553775,303051.2257029008,353151.64317424974
2013-10-18,6,1469735.277360784,1406536.4196395099,1639064.9687293589
2013-10-18,7,491590.64204102044,470452.1638932759,548227.298300617
2013-10-18,8,923407.6316747083,883700.9522257786,1029794.3610996444
2013-10-18,9,545402.3844806814,521949.99259175966,608238.746142788
2013-10-18,10,1724877.4060687278,1650707.3950116832,1923602.280756858
2013-10-18,11,1255937.6550596408,1201932.1301249485,1400635.5056081489
2013-10-18,12,942653.3016429236,902119.0552322373,1051257.3442167633
2013-10-18,13,2014355.1081962143,1927737.5085209743,2246431.002428049
2013-10-18,14,1461237.721867783,1398404.260424909,1629588.4012529205
2013-10-18,15,551825.559554629,528096.9700851837,615401.941729022
2013-10-18,16,507890.9782941038,486051.58301690355,566405.6128192117
2013-10-18,17,936993.3890557868,896702.5198136418,1044945.347362265
2013-10-18,18,1089069.0528824602,1042238.9051803814,1214541.8025974995
2013-10-18,19,1318907.7927602506,1262194.5415876904,1470860.4967143517
2013-10-18,20,2049937.3459323728,1961789.7042048457,2286112.7058481816
2013-10-18,21,637301.9986042219,609897.908251572,710726.20798022
2013-10-18,22,985776.9133794247,943388.344598892,1099349.2709815002
2013-10-18,23,1381500.4743732398,1322095.72763642,1540664.544634402
2013-10-18,24,1298582.6987000685,1242743.4299020674,1448193.7279612764
2013-10-18,25,689997.9671495976,660327.9415160281,769493.3324865383
2013-10-18,26,988506.3533617986,946000.4182148447,1102393.1725114353
2013-10-18,27,1608159.6478656726,1539008.5195338675,1793437.3512990954
2013-10-18,28,1177208.1844543885,1126588.0396544014,1312835.5328760524
2013-10-18,29,518162.7352876521,495881.6527768512,577860.7893498169
2013-10-18,30,432070.37584703317,413491.2788971605,481849.6418949031
2013-10-18,31,1368841.0957803843,1309980.7043971124,1526546.6661993875
2013-10-18,32,1198993.2698044262,1147436.362765218,1337130.4999956726
2013-10-18,33,263575.5111115286,252241.72095071687,293942.31296782894
2013-10-18,34,968914.3457168002,927250.8701084469,1080543.9498026634
2013-10-18,35,908372.5563950466,869312.3876464209,1013027.0795539808
2013-10-18,36,274089.2872506611,262303.4029933373,305667.3919151478
2013-10-18,37,547571.7296474577,524026.0555609489,610658.0237655789
2013-10-18,38,431507.0382171838,412952.16487768927,481221.40156558936
2013-10-18,39,1598572.6660822178,1529833.7795377888,1782745.843624785
2013-10-18,40,937406.683861265,897098.0428747721,1045406.2582812936
2013-10-18,41,1367654.0010580886,1308844.6549423637,1525222.8050906223
2013-10-18,42,540222.8196402446,516993.149888058,602462.4383858787
2013-10-18,43,602873.3652778994,576949.7117989125,672331.0169035409
2013-10-18,44,346226.25212956785,331338.466563858,386115.32965247665
2013-10-18,45,717112.7632959378,686276.7969857105,799732.0517867313
2013-10-25,1,1536494.2289490947,1470424.7253720395,1713515.2868124833
2013-10-25,2,1920128.1070075273,1837562.2838211253,2141348.0129021164
2013-10-25,3,414973.9393674764,397129.99198722723,462783.50763563166
2013-10-25,4,2111987.9823352317,2021172.153076287,2355312.2589799003
2013-10-25,5,326146.38894027594,312122.0407814993,363722.0450675497
2013-10-25,6,1497561.5707001477,1433166.1778063474,1670097.157535522
2013-10-25,7,487981.496091089,466998.21181049757,544202.3389867283
2013-10-25,8,939835.2177297552,899422.1493890373,1048114.5859988966
2013-10-25,9,560608.5780450092,536502.3173415075,625196.8606841791
2013-10-25,10,1764198.3639037495,1688337.5452176316,1967453.446008876
2013-10-25,11,1267475.9126021066,1212974.2407027124,1413503.0974999305
2013-10-25,12,974488.7105298411,932585.5363212484,1086760.542837281
2013-10-25,13,2055314.4349500549,1966935.5775138095,2292109.294743053
2013-10-25,14,1529298.3012301503,1463538.2237239578,1705490.3089655815
2013-10-25,15,567336.2190289227,542940.6686608867,632699.6000065433
2013-10-25,16,471983.29006814613,451687.93126761477,526360.9634283979
2013-10-25,17,935758.4138725272,895520.648765595,1043568.0894360854
2013-10-25,18,1157427.387653147,1107657.8203564093,1290775.7704209464
2013-10-25,19,1343721.354269124,1285941.1158863408,1498532.8538014314
2013-10-25,20,2100354.436451678,2010038.8515717136,2342338.400480648
2013-10-25,21,667684.439155768,638973.8988816804,744609.0403103834
2013-10-25,22,1060803.4604348794,1015188.737838953,1183019.7025874865
2013-10-25,23,1414896.280048757,1354055.5081964727,1577907.9149395137
2013-10-25,24,1333698.0799219157,1276348.8439782301,1487354.7878547702
2013-10-25,25,708455.0234085516,677991.3413319268,790076.8449094305
2013-10-25,26,989814.4622231027,947252.2781807982,1103851.9899208522
2013-10-25,27,1667665.8814205772,1595955.97529668,1859799.3583511512
2013-10-25,28,1233242.397005521,1180212.771885444,1375325.5038644476
2013-10-25,29,541326.2276351065,518049.1111583636,603692.9711344984
2013-10-25,30,433255.44395324966,414625.3888806535,483171.2428990961
2013-10-25,31,1367767.7753441571,1308953.536915491,1525349.6874275368
2013-10-25,32,1224336.2847690652,1171689.6239342927,1365393.3094079331
2013-10-25,33,262224.27479986515,250948.58802183534,292435.3993507729
2013-10-25,34,980407.0483848454,938249.3846788539,1093360.7383967573
2013-10-25,35,944994.578028873,904359.6563500068,1053868.3614287975
2013-10-25,36,267356.76396024745,255860.37930743748,298159.2077908017
2013-10-25,37,542821.7091478307,519480.2867210277,605360.7485884697
2013-10-25,38,427699.0086968624,409307.881250632,476974.64510353166
2013-10-25,39,1628223.4745131936,1558209.5983483787,1815812.7517560155
2013-10-25,40,951323.7260709768,910416.6499893613,1060926.6970335213
2013-10-25,41,1386792.7499798979,1327160.4345249294,1546566.5486791786
2013-10-25,42,526860.947776944,504205.84070402785,587561.1317185215
2013-10-25,43,586135.6534952451,560931.7243651432,653664.9363771885
2013-10-25,44,360869.506216901,345352.05832635146,402445.64788900287
2013-10-25,45,750581.4376081422,718306.3128191343,837056.6859980392
2013-11-01,1,1646889.121401118,1576072.6193620276,1836628.8867457176
2013-11-01,2,2021151.0562258428,1934241.2296719116,2254009.9185201167
2013-11-01,3,446804.225472132,427591.5705744529,498280.9932729496
2013-11-01,4,2202848.246763437,2108125.411247946,2456640.6265898724
2013-11-01,5,348959.88732589677,333954.55499887833,389163.90973121993
2013-11-01,6,1575812.4039012897,1508052.2123595788,1757363.3485629228
2013-11-01,7,521181.9111957672,498771.0036262693,581227.8075752414
2013-11-01,8,989639.730123675,947085.0595902731,1103657.1267591005
2013-11-01,9,595285.7743533582,569688.388527243,663869.251936045
2013-11-01,10,1875336.0902618214,1794696.3311340057,2091395.4624955829
2013-11-01,11,1404815.7760118106,1344408.467484659,1566666.0258125386
2013-11-01,12,1040274.9983523051,995543.0029892195,1160126.1355759783
2013-11-01,13,2105120.261064169,2014599.744945056,2347653.3005784866
2013-11-01,14,1746869.4884767416,1671753.8142730694,1948128.0932753636
2013-11-01,15,610405.5512906751,584158.0125790996,680730.9937032155
2013-11-01,16,491471.6297805881,470338.26917954057,548094.574517002
2013-11-01,17,939872.9799774245,899458.28785387,1048156.6988734044
2013-11-01,18,1192844.9928958067,1141552.4627709747,1330273.8738710945
2013-11-01,19,1445059.7653270513,1382921.9586659516,1611546.5659374099
2013-11-01,20,2257012.6347504715,2159960.72167749,2517045.3486304525
2013-11-01,21,726580.7748664054,695337.682507452,810290.8825692005
2013-11-01,22,1102982.7162030411,1055554.278698626,1230058.4731753538
2013-11-01,23,1505627.854313095,1440885.6099023947,1679092.765861369
2013-11-01,24,1385725.1055252878,1326138.6989567855,1545375.8998245415
2013-11-01,25,743525.2633187028,711553.5551801925,829187.5627149423
2013-11-01,26,1014750.2057787915,971115.7806782331,1131660.6057722329
2013-11-01,27,1670122.355953908,1598306.8210226197,1862538.8458059183
2013-11-01,28,1415212.3816863238,1354358.0174118355,1578260.4349672182
2013-11-01,29,597285.8519809115,571602.4624891279,666099.7605348103
2013-11-01,30,430060.57721729466,411567.901937777,479608.29232743534
2013-11-01,31,1420875.3497386053,1359777.4769100738,1584575.8393100982
2013-11-01,32,1241004.2994903727,1187640.911291772,1383981.66300384
2013-11-01,33,254350.66201530572,243413.54187698898,283654.65965478815
2013-11-01,34,1012596.0520685463,969054.2559304553,1129258.2698290816
2013-11-01,35,891251.8250271783,852927.8505323539,993933.8513676845
2013-11-01,36,282656.6541394721,270502.3717022909,315221.8138290846
2013-11-01,37,553432.5922529858,529634.9001142222,617194.1222938166
2013-11-01,38,436579.8773629905,417806.87110911537,486878.6876523883
2013-11-01,39,1662863.505582936,1591360.1024068568,1854443.6959244558
2013-11-01,40,1005548.7769413849,962310.0147883554,1121399.0709897708
2013-11-01,41,1416275.9945890633,1355375.8947854997,1579446.5877908065
2013-11-01,42,557364.0432197999,533397.2980453521,621578.519712346
2013-11-01,43,605394.9605790394,579362.8780889767,675143.1277557978
2013-11-01,44,339357.31005793344,324764.89012668014,378455.0098008198
2013-11-01,45,802376.2437667379,767873.9338270844,894818.82428537
2013-11-08,1,1682076.033170683,1609746.4881606372,1875869.7182938517
2013-11-08,2,2083947.8522216915,1994337.7531515965,2324041.5970480135
2013-11-08,3,459156.3774747211,439412.5780172102,512056.2492307571
2013-11-08,4,2248324.7686121035,2151646.435206453,2507356.544626252
2013-11-08,5,359312.1408665505,343861.6599412177,400708.85689773253
2013-11-08,6,1626740.2674836454,1556790.169464103,1814158.6629408712
2013-11-08,7,527998.3793397973,505294.3625233268,588829.6079248949
2013-11-08,8,1021545.6077389945,977618.9792408197,1139238.912881663
2013-11-08,9,612317.0056108256,585987.2740503197,682862.6686134831
2013-11-08,10,1933172.2858218297,1850045.5608093136,2155895.0247822134
2013-11-08,11,1446656.9161125054,1384450.4317059612,1613327.726084098
2013-11-08,12,1079346.1847977322,1032934.1220162472,1203698.7530233804
2013-11-08,13,2167333.40471417,2074137.7132253877,2417034.0835820455
2013-11-08,14,1782675.9339370122,1706020.576712183,1988059.8356188124
2013-11-08,15,635325.0239161585,608005.943798994,708521.4640340258
2013-11-08,16,497640.7208537123,476242.0883258045,554974.4128270793
2013-11-08,17,956819.3188680189,915675.9313957576,1067055.4426483153
2013-11-08,18,1244328.1095439808,1190821.7969685171,1387688.4125835074
2013-11-08,19,1493234.9671492768,1429025.618917015,1665272.0816031084
2013-11-08,20,2328073.324885015,2227965.790493987,2596293.012918959
2013-11-08,21,751713.4182139558,719389.6180734395,838319.0832370862
2013-11-08,22,1145867.9451533733,1096595.4357779725,1277884.5528314475
2013-11-08,23,1578011.4069937016,1510156.6579587422,1759815.70103103
2013-11-08,24,1412970.7882135988,1352212.81282569,1575760.5852379026
2013-11-08,25,771735.6717234554,738550.9114016754,860648.1208726055
2013-11-08,26,1032822.5623173597,988411.0229247501,1151815.0968299329
2013-11-08,27,1712002.8047170255,1638386.4036274205,1909244.3835307504
2013-11-08,28,1456549.146922578,1393917.2949705026,1624359.6508348538
2013-11-08,29,622488.1419762658,595721.0498856532,694205.6319114035
2013-11-08,30,429523.96457910934,411054.3637309498,479009.8560031699
2013-11-08,31,1443621.971434515,1381545.9901463562,1609943.1223528339
2013-11-08,32,1268949.4797487676,1214384.4442206444,1415146.435811507
2013-11-08,33,254822.2200614636,243864.82284990413,284180.54638152424
2013-11-08,34,1033588.9007780617,989144.4087060884,1152669.7259216304
2013-11-08,35,928953.4046203338,889008.2560261479,1035979.0681688144
2013-11-08,36,282131.51356450864,269999.8122580875,314636.1712760756
2013-11-08,37,555725.5230940072,531829.2345534163,619751.2240216775
2013-11-08,38,438308.6090958858,419461.26709426864,488806.5883208731
2013-11-08,39,1708757.4167087872,1635280.567835246,1905625.0910798064
2013-11-08,40,1028731.9395625558,984496.2976185918,1147253.189280346
2013-11-08,41,1451357.396100618,1388948.7902844797,1618569.7531371354
2013-11-08,42,556785.2330195021,532843.3767784969,620933.024202056
2013-11-08,43,603842.857316527,577877.515521042,673412.2051028403
2013-11-08,44,340115.75596268196,325490.72273326415,379300.83702719066
2013-11-08,45,829287.7812121788,793628.2707533072,924830.867243663
2013-11-15,1,1624661.246971581,1554800.5471746745,1811840.1163678353
2013-11-15,2,2040439.5082824656,1952700.2751299671,2275520.6126934225
2013-11-15,3,430022.4301397399,411531.39519080694,479565.7502864008
2013-11-15,4,2177622.849687263,2083984.7103788618,2428508.9859422515
2013-11-15,5,331288.0173366368,317042.57831443555,369456.04568419984
2013-11-15,6,1618314.9420519073,1548727.1344062968,1804762.6472242826
2013-11-15,7,527673.8085116369,504983.74829395354,588467.642962562
2013-11-15,8,987029.4112549804,944586.9848605952,1100746.0704071203
2013-11-15,9,602787.6997404596,576867.7298936177,672235.4817526822
2013-11-15,10,2025065.060035488,1937986.9306764894,2258374.8586768117
2013-11-15,11,1379799.2323248615,1320467.6392748456,1538767.3007648573
2013-11-15,12,1076135.1928785308,1029861.203275646,1200117.8194697632
2013-11-15,13,2176612.507480449,2083017.8130524708,2427382.2411854737
2013-11-15,14,1711814.201290407,1638205.9101790464,1909034.050912139
2013-11-15,15,619267.8265367096,592639.2085375997,690614.3006651989
2013-11-15,16,487450.24560329877,466489.80518072,543609.8825916414
2013-11-15,17,953850.0399278195,912834.3319364599,1063744.0700710672
2013-11-15,18,1180806.820359255,1130031.9336257742,1316848.771271929
2013-11-15,19,1489721.3719938241,1425663.1089288983,1661353.681587603
2013-11-15,20,2323048.5490458338,2223157.0808391273,2590689.32756107
2013-11-15,21,726797.5368152696,695545.1236570018,810532.6178819534
2013-11-15,22,1081935.8823620642,1035412.4621610288,1206586.812269616
2013-11-15,23,1567823.0208531166,1500406.3740914215,1748453.500593882
2013-11-15,24,1432321.107081314,1370731.0648118253,1597340.2739603291
2013-11-15,25,756064.9630088655,723554.0457292306,843171.9739195504
2013-11-15,26,1079528.0823915545,1033108.197983734,1203901.6072234006
2013-11-15,27,1782968.4170625117,1706300.4830153668,1988386.0160217292
2013-11-15,28,1345661.0347032035,1287797.3897439665,1500696.00678483
2013-11-15,29,558689.9943297968,534666.2330403813,623057.2349940166
2013-11-15,30,409842.8333582331,392219.5243770385,457061.24170098687
2013-11-15,31,1455140.262300671,1392568.9926181629,1622788.4471872854
2013-11-15,32,1240933.592024012,1187573.2442580494,1383902.8092585944
2013-11-15,33,288759.76974144415,276343.05233347137,322028.07556709036
2013-11-15,34,1028638.1345631911,984406.5262495683,1147148.576911902
2013-11-15,35,1031924.7005541775,987551.7693644863,1150813.791502734
2013-11-15,36,293487.1478518496,280867.1524106172,327300.0997023602
2013-11-15,37,522107.21744372405,499656.521553966,582259.7192941299
2013-11-15,38,422442.266731124,404277.18005066115,471112.26856647024
2013-11-15,39,1611717.7917874407,1542413.6626840492,1797405.4325894485
2013-11-15,40,1033649.7294873394,989202.6217709013,1152737.562768174
2013-11-15,41,1417319.5125069167,1356374.54126192,1580610.330465927
2013-11-15,42,603444.0788740178,577495.8846168948,672967.4829916755
2013-11-15,43,588434.0082291567,563131.2494689445,656228.0868901383
2013-11-15,44,345200.73542054585,330357.0472413399,384971.6621237071
2013-11-15,45,800333.5634745227,765919.0891220979,892540.8047257551
2013-11-22,1,1591597.170571351,1523158.2314767228,1774966.6942041346
2013-11-22,2,2041420.6646089256,1953639.241573641,2276614.809034981
2013-11-22,3,422885.6251462974,404701.4739813442,471606.70675414643
2013-11-22,4,2224658.8844799204,2128998.1879692646,2480964.089989982
2013-11-22,5,328739.1316004719,314603.29508252366,366613.5002382309
2013-11-22,6,1618742.5939172274,1549136.3971713434,1805239.5692945733
2013-11-22,7,518200.3308078152,495917.6316834878,577902.7162879735
2013-11-22,8,967865.1634444024,926246.8028456555,1079373.8901769686
2013-11-22,9,572003.1876716746,547406.9568873853,637904.2548381463
2013-11-22,10,1921243.1410457336,1838629.3712130066,2142591.5111423214
2013-11-22,11,1351876.3308428153,1293745.4271312892,1507627.3734939492
2013-11-22,12,992025.6544044289,949368.3887360556,1106317.9357951651
2013-11-22,13,2117171.101119833,2026132.3969039717,2361092.5301344846
2013-11-22,14,1642730.746767836,1572093.0555192658,1831991.4215550441
2013-11-22,15,605815.3394438386,579765.1805937166,675611.9388958039
2013-11-22,16,473569.75487813575,453206.17783085565,528130.2064575544
2013-11-22,17,920311.2937183091,880737.7573087945,1026341.2909081237
2013-11-22,18,1159889.671530827,1110014.2256239394,1293521.7365205146
2013-11-22,19,1413117.153813303,1352352.8846806271,1575923.8137667389
2013-11-22,20,2244569.416513429,2148052.563863281,2503168.5346049946
2013-11-22,21,720863.3569257737,689866.1144749832,803914.7551111304
2013-11-22,22,1044959.9504449577,1000026.5013743268,1165350.8457489773
2013-11-22,23,1492930.823511721,1428734.5535057038,1664932.8972687197
2013-11-22,24,1351996.978418467,1293860.8868414215,1507761.920999108
2013-11-22,25,765768.7172612144,732840.5369589095,853993.7075372835
2013-11-22,26,987989.2833403699,945505.5822890518,1101816.530328616
2013-11-22,27,1717105.2317233214,1643269.4254364872,1914934.6663254425
2013-11-22,28,1239978.307814121,1186659.0374256931,1382837.4657863847
2013-11-22,29,538980.9614263525,515804.69178082375,601077.5044281292
2013-11-22,30,423341.9325692208,405138.1601103226,472115.58581788366
2013-11-22,31,1462010.7655820053,1399144.0631327676,1630450.5081171943
2013-11-22,32,1246202.9139468027,1192615.9844748583,1389779.215102314
2013-11-22,33,266707.4195941943,255238.95685551022,297435.0518020098
2013-11-22,34,998623.6931558722,955682.7107401941,1113676.1412804613
2013-11-22,35,990240.0912509831,947659.6050907465,1104326.656100551
2013-11-22,36,296696.86891740933,283938.8549444917,330879.61598599923
2013-11-22,37,537580.9653968983,514464.8958100051,599516.2134367616
2013-11-22,38,412083.8913900116,394364.2165462858,459560.49430066167
2013-11-22,39,1671066.9785897774,1599210.824730384,1863592.2993733543
2013-11-22,40,937537.7874331407,897223.5089715777,1045552.466428602
2013-11-22,41,1373292.9900596337,1314241.166492976,1531511.4677320197
2013-11-22,42,547546.7970340289,524002.19505398243,610630.2186404795
2013-11-22,43,594472.7700459004,568910.3435382049,662962.5805780756
2013-11-22,44,344750.861099109,329926.5175894302,384469.9573256008
2013-11-22,45,773727.1686447079,740456.7736290361,862869.0601731976
2013-11-29,1,2013732.2879107408,1927141.4696098163,2245736.4263860513
2013-11-29,2,2668219.0792990057,2553485.221740239,2975627.3045494473
2013-11-29,3,574291.3544523846,549596.7321216419,640456.0436334773
2013-11-29,4,2843019.7708720383,2720769.454937079,3170566.9610170466
2013-11-29,5,502150.15814092074,480557.61907085724,560003.3869559563
2013-11-29,6,2254456.624741137,2157514.6205173223,2514194.8581165797
2013-11-29,7,827794.8463963737,792199.5323791773,923165.9298941446
2013-11-29,8,1277327.0074399365,1222401.736848557,1424489.1469613765
2013-11-29,9,806879.3959614991,772183.4497396948,899840.7892099269
2013-11-29,10,2814671.3751422176,2693640.044868113,3138952.517874698
2013-11-29,11,1784503.616196867,1707769.6683354247,1990098.0870047868
2013-11-29,12,1531366.2493641921,1465517.2497494328,1707796.5075006972
2013-11-29,13,2854335.5483567123,2731598.6521359864,3183186.440698021
2013-11-29,14,2144924.7343890727,2052692.6193956046,2392043.6876301793
2013-11-29,15,994972.0356270353,952188.0750833682,1109603.772585562
2013-11-29,16,657158.293577902,628900.3792882187,732870.1668287541
2013-11-29,17,1207840.2370011064,1155902.9089229938,1346996.735252416
2013-11-29,18,1690539.507953317,1617846.0321410005,1885308.2785867297
2013-11-29,19,1882328.0624725097,1801387.6473941014,2099192.9869133458
2013-11-29,20,2872814.093424151,2749282.6167380842,3203793.9176768092
2013-11-29,21,1101788.7064086376,1054411.6115210028,1228726.9003020125
2013-11-29,22,1509225.510545413,1444328.5663272992,1683104.9117156293
2013-11-29,23,2159772.9062052285,2066902.3173910086,2408602.532374818
2013-11-29,24,1761847.3696536275,1686087.6441054412,1964831.5913276854
2013-11-29,25,1109788.9134065027,1062067.808307242,1237648.819258963
2013-11-29,26,1291510.296495312,1235975.1421508256,1440306.5071282862
2013-11-29,27,2379966.9642165406,2277627.9948322386,2654165.3710492733
2013-11-29,28,1792730.2174891168,1715642.5244242987,1999272.4833723037
2013-11-29,29,901857.6013219561,863077.576708854,1005761.5299018533
2013-11-29,30,439085.21067901363,420204.4746820871,489672.66295973613
2013-11-29,31,1885831.9765635924,1804740.892605202,2103100.5904992404
2013-11-29,32,1684270.2224887982,1611846.3269785873,1878316.7023878451
2013-11-29,33,278914.37839338597,266921.0144264039,311048.3867002551
2013-11-29,34,1333917.317339302,1276558.6541507503,1487599.2838372835
2013-11-29,35,1905753.239489207,1823805.537961206,2125317.002323318
2013-11-29,36,303022.0305542104,289992.03359462455,337933.5059076239
2013-11-29,37,533986.5164106525,511025.0087190661,595507.644338645
2013-11-29,38,415372.6134915296,397511.5230586292,463228.1134097054
2013-11-29,39,2434909.10823723,2330207.617658567,2715437.4551846595
2013-11-29,40,1213259.9900467957,1161089.6116997707,1353040.9035412152
2013-11-29,41,2002917.2348908223,1916791.4656416436,2233675.3601430673
2013-11-29,42,553347.7651213354,529553.7205631305,617099.5221423284
2013-11-29,43,626810.7699387394,599857.8041375406,699026.2742238498
2013-11-29,44,350063.40391497087,335010.6201938271,390394.5635853011
2013-11-29,45,1117465.5844462921,1069414.3812346098,1246209.927352097
2013-12-06,1,1651148.5700285267,1580148.911000609,1841379.070767853
2013-12-06,2,2105586.446023128,2015045.8838744021,2348173.1951792003
2013-12-06,3,499974.9927972674,478475.9861933502,557577.6186078097
2013-12-06,4,2210178.047331068,2115140.0291902875,2464814.9009120828
2013-12-06,5,387584.7160857001,370918.5097938934,432238.74417150614
2013-12-06,6,1769056.2677317874,1692986.558385167,1972871.0338620378
2013-12-06,7,577457.7567938098,552626.9786436168,643987.2503988562
2013-12-06,8,1046208.1574271084,1001221.0352517443,1166742.859923013
2013-12-06,9,639245.0611548119,611757.4187941441,712893.1327372014
2013-12-06,10,2139923.7500889306,2047906.6782397071,2386466.5348586626
2013-12-06,11,1431417.8158146339,1369866.6152176033,1596332.9135910296
2013-12-06,12,1104820.3801143977,1057312.9227607197,1232107.8562090192
2013-12-06,13,2191584.2551342854,2097345.773104289,2444078.899065337
2013-12-06,14,1787511.4976237917,1710648.210368194,1993452.5095003922
2013-12-06,15,702497.2548360513,672289.7577841377,783432.6757795193
2013-12-06,16,528236.3962520261,505522.1446693342,589095.0470068906
2013-12-06,17,1016615.2346623731,972900.6130142629,1133740.5065243167
2013-12-06,18,1300352.4824475558,1244437.1126584592,1450167.4102885742
2013-12-06,19,1511055.181775094,1446079.561394339,1685145.3812226602
2013-12-06,20,2403901.1705597746,2300533.026381442,2680857.061570562
2013-12-06,21,780425.2018223291,746866.7902826443,870338.7805438893
2013-12-06,22,1209770.15895108,1157749.8439129288,1349149.0054668614
2013-12-06,23,1715086.2257374274,1641337.2370387714,1912683.0486129818
2013-12-06,24,1421992.851184167,1360846.92561039,1585822.0892301612
2013-12-06,25,907626.536182923,868598.4464256432,1012195.1095968797
2013-12-06,26,1066898.3508182862,1021021.5469373141,1189816.791471157
2013-12-06,27,1822246.2551971534,1743889.367675116,2032189.0937089704
2013-12-06,28,1364975.5765880619,1306281.403163369,1522235.7966219329
2013-12-06,29,621429.9568421843,594708.3668857054,693025.5321952031
2013-12-06,30,404515.7503483261,387121.50680932263,451120.4200567442
2013-12-06,31,1446967.1794866014,1384747.3537041391,1613673.7352160783
2013-12-06,32,1272218.5835080417,1217512.9759826746,1418792.1763292074
2013-12-06,33,250022.65365861292,239271.63858871523,278828.0170674498
2013-12-06,34,1046969.7001219089,1001949.8314859008,1167592.1407237574
2013-12-06,35,1102892.9932108335,1055468.413809783,1229958.4131062499
2013-12-06,36,277715.31729800306,265773.51315457124,309711.18056042725
2013-12-06,37,534425.6759341507,511445.2843111039,595997.3998760792
2013-12-06,38,423216.09038219554,405017.72915795684,471975.2452249085
2013-12-06,39,1783755.6482576346,1707053.863140123,1989263.944920962
2013-12-06,40,1071988.4533272893,1025892.7742044908,1195493.3298507284
2013-12-06,41,1442025.0131200799,1380017.7013010802,1608162.1768519462
2013-12-06,42,510243.1530259946,488302.6138499534,569028.7839866723
2013-12-06,43,563775.9562980153,539533.4978107056,628729.1557969018
2013-12-06,44,321938.934410981,308095.5074862943,359029.845436285
2013-12-06,45,879528.7903349873,841708.9082525759,980860.1939634251
